Artist,Venue,Location,Date,Year,Price,With,Notes,Setlist,Img,HL,VHL,W
Drivebys,Lending Room,Leeds,07-Mar,2026,,Katrina,Support,,,0,0,0
Señor Pink,Lending Room,Leeds,07-Mar,2026,,Katrina,Support,,,0,0,0
Scustin,Lending Room,Leeds,07-Mar,2026,0,Katrina,,,,1,1,1
Beauty School,Leeds University Refectory,Leeds,06-Mar,2026,,Solo,Support,,,0,0,0
Delta Sleep,Leeds University Refectory,Leeds,06-Mar,2026,,Solo,Support,,,0,0,0
Hot Mulligan,Leeds University Refectory,Leeds,06-Mar,2026,29.82,Solo,,,,1,1,1
Mr Shiraz,Fulford Arms,York,05-Mar,2026,,Katrina,Support,,,0,0,0
Hidden Youth,Fulford Arms,York,05-Mar,2026,,Katrina,Support,,,0,0,0
Bruise Control,Fulford Arms,York,05-Mar,2026,13.7,Katrina,,,,1,1,1
Love Rarely,Brudenell Social Club (Community),Leeds,26-Feb,2026,,Solo,Support,,,0,0,0
Knives,Brudenell Social Club (Community),Leeds,26-Feb,2026,,Solo,Support,,,0,0,0
The Callous Daoboys,Brudenell Social Club (Community),Leeds,26-Feb,2026,20.2,Solo,,,,1,1,1
Pijn,Manchester Club Academy,Manchester,19-Feb,2026,,Solo,Support,,,0,0,0
VS Self,Manchester Club Academy,Manchester,19-Feb,2026,,Solo,Support,,,0,0,0
La Dispute,Manchester Club Academy,Manchester,19-Feb,2026,35.34,Solo,,,,1,1,1
Cold Night For Alligators,Key Club,Leeds,15-Feb,2026,,Solo,Support,,,0,0,0
Tayne,Key Club,Leeds,15-Feb,2026,,Solo,Support,,,0,0,0
MØL,Key Club,Leeds,15-Feb,2026,21.3,Solo,,,,1,1,1
Shoreline,Project House,Leeds,13-Feb,2026,,Solo,Support,,,0,0,0
Koyo,Project House,Leeds,13-Feb,2026,,Solo,Support,,,0,0,0
Ben Quad,Project House,Leeds,13-Feb,2026,,Solo,Support,,,0,0,0
Arm's Length,Project House,Leeds,13-Feb,2026,26.25,Solo,,,,1,1,1
Shoreline,The Grove,Newcastle,10-Feb,2026,,Solo,Support,,,0,0,0
Koyo,The Grove,Newcastle,10-Feb,2026,,Solo,Support,,,0,0,0
Ben Quad,The Grove,Newcastle,10-Feb,2026,,Solo,Support,,,0,0,0
Arm's Length,The Grove,Newcastle,10-Feb,2026,26.25,Solo,,,,1,1,1
Coltaine,Rebellion,Manchester,07-Feb,2026,,Solo,Support,,,0,0,0
Faetooth,Rebellion,Manchester,07-Feb,2026,17,Solo,,,,1,1,1
Shields,Bootleg Social,Blackpool,02-Feb,2026,,Katrina,Support,,,0,0,0
Vianova,Bootleg Social,Blackpool,02-Feb,2026,16.87,Katrina,,,,1,1,1
Cherryholt,The Crescent,York,31-Jan,2026,,Katrina,Support,,,0,0,0
Red Rum Club,The Crescent,York,31-Jan,2026,24.2,Katrina,,,,1,1,1
Jarmouse,The Crescent,York,30-Jan,2026,,Katrina,Support,,,0,0,0
She Drew the Gun,The Crescent,York,30-Jan,2026,16.5,Katrina,,,,1,1,1
goo,Brudenell Social Club (Main),Leeds,23-Jan,2026,,Katrina,,,,0,0,0
Marmozets,Brudenell Social Club (Main),Leeds,23-Jan,2026,19.15,Katrina,,,,1,1,1
Gully Boys,Albert Hall,Manchester,16-Jan,2026,,Solo,Support,,,0,0,0
Free Throw,Albert Hall,Manchester,16-Jan,2026,,Solo,Support,,,0,0,0
The Wonder Years,Albert Hall,Manchester,16-Jan,2026,33.43,Solo,,,,1,1,1
The Devil Wears Prada,Manchester Live Arena,Manchester,08-Dec,2025,,Katrina,Support,,,0,0,0
Creeper,Manchester Live Arena,Manchester,08-Dec,2025,,Katrina,Support,,,0,0,0
Ice Nine Kills,Manchester Live Arena,Manchester,08-Dec,2025,54.23,Katrina,,,,1,1,1
Sings the Greys (Frightened Rabbit),Albert Halls,Stirling,05-Dec,2025,26,Solo,,,,1,1,1
The Meffs,Queen Margaret Union,Glasgow,04-Dec,2025,,Solo,Support,,,0,0,0
Million Dead,Queen Margaret Union,Glasgow,04-Dec,2025,34.76,Solo,,Yes,md041225.jpg,1,1,1
Twin Atlantic,Barrowland Ballroom,Glasgow,03-Dec,2025,,Solo,Support,,,0,0,0
Twin Atlantic,Barrowland Ballroom,Glasgow,03-Dec,2025,38.5,Solo,,,,1,1,1
Pupil Slicer,Brudenell Social Club (Main),Leeds,29-Nov,2025,,Solo,Support,,,0,0,0
LLNN,Brudenell Social Club (Main),Leeds,29-Nov,2025,20.75,Solo,,,,1,1,1
Radiohead,Millenium Dome,London,24-Nov,2025,114.15,Katrina,,,,1,1,1
Mun Sing,Brudenell Social Club (Main),Leeds,23-Nov,2025,,Katrina,Support,,,0,0,0
Model/Actriz,Brudenell Social Club (Main),Leeds,23-Nov,2025,18.1,Katrina,,,,1,1,1
George Taylor,Wembley Arena,London,19-Nov,2025,,Solo,Support,,,0,0,0
Brand New,Wembley Arena,London,19-Nov,2025,45,Solo,,,,1,1,1
Florence Road,Le Transbordeur,Lyon,14-Nov,2025,,Katrina,Support,,,0,0,0
Wolf Alice,Le Transbordeur,Lyon,14-Nov,2025,61.19,Katrina,,,,1,1,1
Honesty,Brudenell Social Club (Main),Leeds,10-Nov,2025,,Solo,Support,,,0,0,0
Protomartyr,Brudenell Social Club (Main),Leeds,10-Nov,2025,23,Solo,,,,1,1,1
George Taylor,Leeds Academy,Leeds,09-Nov,2025,,Solo,Support,,,0,0,0
Brand New,Leeds Academy,Leeds,09-Nov,2025,47.2,Solo,,,,1,1,1
Royal Republic,Stylus,Leeds,07-Nov,2025,28,"Katrina, Henry",,,,1,1,1
Exploring Birdsong,St Pancras Old Church,London,05-Nov,2025,16.83,Florian,,,,1,1,1
Alien Tango,Islington Assembly Hall,London,01-Nov,2025,,Katrina,Support,,,0,0,0
Demob Happy,Islington Assembly Hall,London,01-Nov,2025,27.78,Katrina,,,,1,1,1
Laura-Mary Carter,Royal Albert Hall,London,29-Oct,2025,,Katrina,Support,,,0,0,0
Queens of the Stone Age,Royal Albert Hall,London,29-Oct,2025,68,Katrina,,,,1,1,1
Biffy Clyro,Leeds Beckett Students Union,Leeds,19-Oct,2025,27.49,Solo,,,,1,1,1
Biffy Clyro,Leeds Beckett Students Union,Leeds,19-Oct,2025,27.49,Solo,,,,1,1,1
Bláthanna,Mill Hill Chapel,Leeds,16-Oct,2025,,Katrina,Support,,,0,0,0
Draags,Mill Hill Chapel,Leeds,16-Oct,2025,,Katrina,Support,,,0,0,0
Thank,Mill Hill Chapel,Leeds,16-Oct,2025,9,Katrina,,Yes,tk161025.jpg,1,1,1
Slow Loris,33 Oldham Street,Manchester,14-Oct,2025,,Solo,Support,,,0,0,0
Pleiades,33 Oldham Street,Manchester,14-Oct,2025,,Solo,Support,,,0,0,0
Wot Gorilla?,33 Oldham Street,Manchester,14-Oct,2025,,Solo,Support,,,0,0,0
As Living Arrows,33 Oldham Street,Manchester,14-Oct,2025,13.2,Solo,,Yes,aa141025.jpg,1,1,1
McFly,Sheffield Arena,Sheffield,26-Sep,2025,,Katrina,Support,,,0,0,0
Busted,Sheffield Arena,Sheffield,26-Sep,2025,76.5,Katrina,,,,1,1,1
Frozemode,Camden Underworld,London,10-Sep,2025,,Solo,Support,,,0,0,0
Nailbreaker,Camden Underworld,London,10-Sep,2025,,Solo,Support,,,0,0,0
Unpeople,Camden Underworld,London,10-Sep,2025,18.54,Solo,,,,1,1,1
Wull,Trades Club,Hebden Bridge,01-Sep,2025,,Katrina,Support,,,0,0,0
Heartworms,Trades Club,Hebden Bridge,01-Sep,2025,16.5,Katrina,,,,1,1,1
Black Honey,Brudenell Social Club (Main),Leeds,21-Aug,2025,25.74,Katrina,,,,1,1,1
The Losing Score,Sidney and Matilda (Gallery),Sheffield,18-Aug,2025,,Solo,Support,,,0,0,0
Origami Angel,Sidney and Matilda (Gallery),Sheffield,18-Aug,2025,22,Solo,,,,1,1,1
Sugar Horse,ArcTanGent Festival,Fernhill Farm,16-Aug,2025,,Katrina,Festival,,,0,0,0
Love Rarely,ArcTanGent Festival,Fernhill Farm,16-Aug,2025,,Katrina,Festival,,,0,0,0
Wren,ArcTanGent Festival,Fernhill Farm,16-Aug,2025,,Katrina,Festival,,,0,0,0
Swamp Coffin,ArcTanGent Festival,Fernhill Farm,16-Aug,2025,,Katrina,Festival,,,0,0,0
The Callous Daoboys,ArcTanGent Festival,Fernhill Farm,16-Aug,2025,,Katrina,Festival,,,0,0,0
Royal Sorrow,ArcTanGent Festival,Fernhill Farm,16-Aug,2025,,Katrina,Festival,,,0,0,0
Sleepytime Gorilla Museum,ArcTanGent Festival,Fernhill Farm,16-Aug,2025,,Katrina,Festival,,,0,0,0
Omo,ArcTanGent Festival,Fernhill Farm,16-Aug,2025,,Katrina,Festival,,,0,0,0
Dvne,ArcTanGent Festival,Fernhill Farm,16-Aug,2025,,Katrina,Festival,,,0,0,0
Between the Buried and Me,ArcTanGent Festival,Fernhill Farm,16-Aug,2025,,Katrina,Festival,,,0,0,0
Inter Arma,ArcTanGent Festival,Fernhill Farm,16-Aug,2025,,Katrina,Festival,,,0,0,0
Rolo Tomassi,ArcTanGent Festival,Fernhill Farm,16-Aug,2025,,Katrina,Festival,,,0,0,0
Vincent Vocoder Voice,ArcTanGent Festival,Fernhill Farm,16-Aug,2025,,Katrina,Festival,,,0,0,0
Adebisi Shank,ArcTanGent Festival,Fernhill Farm,16-Aug,2025,,Katrina,Festival,,,0,0,0
Ahab,ArcTanGent Festival,Fernhill Farm,16-Aug,2025,,Katrina,Festival,,,0,0,0
Clown Core,ArcTanGent Festival,Fernhill Farm,16-Aug,2025,,Katrina,Festival,,,0,0,0
Mclusky,ArcTanGent Festival,Fernhill Farm,16-Aug,2025,,Katrina,Festival,,,0,0,0
God is an Astronaut,ArcTanGent Festival,Fernhill Farm,16-Aug,2025,,Katrina,Festival,,,0,0,0
TesseracT,ArcTanGent Festival,Fernhill Farm,16-Aug,2025,38.7,Katrina,Festival,,,1,1,1
"Overhead, The Albatross",ArcTanGent Festival,Fernhill Farm,15-Aug,2025,,Katrina,Festival,,,0,0,0
Mt. Onsra,ArcTanGent Festival,Fernhill Farm,15-Aug,2025,,Katrina,Festival,,,0,0,0
Yoshizawa,ArcTanGent Festival,Fernhill Farm,15-Aug,2025,,Katrina,Festival,,,0,0,0
Ithaca,ArcTanGent Festival,Fernhill Farm,15-Aug,2025,,Katrina,Festival,,,0,0,0
Hexcut,ArcTanGent Festival,Fernhill Farm,15-Aug,2025,,Katrina,Festival,,,0,0,0
Giant Walker,ArcTanGent Festival,Fernhill Farm,15-Aug,2025,,Katrina,Festival,,,0,0,0
Car Bomb,ArcTanGent Festival,Fernhill Farm,15-Aug,2025,,Katrina,Festival,,,0,0,0
Dimscûa,ArcTanGent Festival,Fernhill Farm,15-Aug,2025,,Katrina,Festival,,,0,0,0
Emma Ruth Rundle,ArcTanGent Festival,Fernhill Farm,15-Aug,2025,,Katrina,Festival,,,0,0,0
EYES,ArcTanGent Festival,Fernhill Farm,15-Aug,2025,,Katrina,Festival,,,0,0,0
Alpha Male Tea Party,ArcTanGent Festival,Fernhill Farm,15-Aug,2025,,Katrina,Festival,,,0,0,0
Coilguns,ArcTanGent Festival,Fernhill Farm,15-Aug,2025,,Katrina,Festival,,,0,0,0
Envy,ArcTanGent Festival,Fernhill Farm,15-Aug,2025,,Katrina,Festival,,,0,0,0
Future of the Left,ArcTanGent Festival,Fernhill Farm,15-Aug,2025,,Katrina,Festival,,,0,0,0
Green Lung,ArcTanGent Festival,Fernhill Farm,15-Aug,2025,,Katrina,Festival,,,0,0,0
We Lost  the Sea,ArcTanGent Festival,Fernhill Farm,15-Aug,2025,,Katrina,Festival,,,0,0,0
Mew,ArcTanGent Festival,Fernhill Farm,15-Aug,2025,,Katrina,Festival,,,0,0,0
Maybeshewill,ArcTanGent Festival,Fernhill Farm,15-Aug,2025,,Katrina,Festival,,,0,0,0
Karnivool,ArcTanGent Festival,Fernhill Farm,15-Aug,2025,38.7,Katrina,Festival,,,1,1,1
Codespeaker,ArcTanGent Festival,Fernhill Farm,14-Aug,2025,,Katrina,Festival,,,0,0,0
Lost in Kiev,ArcTanGent Festival,Fernhill Farm,14-Aug,2025,,Katrina,Festival,,,0,0,0
The Sad Season,ArcTanGent Festival,Fernhill Farm,14-Aug,2025,,Katrina,Festival,,,0,0,0
Lemondaze,ArcTanGent Festival,Fernhill Farm,14-Aug,2025,,Katrina,Festival,,,0,0,0
maud the moth,ArcTanGent Festival,Fernhill Farm,14-Aug,2025,,Katrina,Festival,,,0,0,0
As Living Arrows,ArcTanGent Festival,Fernhill Farm,14-Aug,2025,,Katrina,Festival,,,0,0,0
Pothamus,ArcTanGent Festival,Fernhill Farm,14-Aug,2025,,Katrina,Festival,,,0,0,0
Horrendous,ArcTanGent Festival,Fernhill Farm,14-Aug,2025,,Katrina,Festival,,,0,0,0
We Lost the Sea,ArcTanGent Festival,Fernhill Farm,14-Aug,2025,,Katrina,Festival,,,0,0,0
Lowen,ArcTanGent Festival,Fernhill Farm,14-Aug,2025,,Katrina,Festival,,,0,0,0
Snooze,ArcTanGent Festival,Fernhill Farm,14-Aug,2025,,Katrina,Festival,,,0,0,0
The Fall of Troy,ArcTanGent Festival,Fernhill Farm,14-Aug,2025,,Katrina,Festival,,,0,0,0
Vianova,ArcTanGent Festival,Fernhill Farm,14-Aug,2025,,Katrina,Festival,,,0,0,0
Melvins,ArcTanGent Festival,Fernhill Farm,14-Aug,2025,,Katrina,Festival,,,0,0,0
Kylesa,ArcTanGent Festival,Fernhill Farm,14-Aug,2025,,Katrina,Festival,,,0,0,0
Tangled Hair,ArcTanGent Festival,Fernhill Farm,14-Aug,2025,,Katrina,Festival,,,0,0,0
Leprous,ArcTanGent Festival,Fernhill Farm,14-Aug,2025,,Katrina,Festival,,,0,0,0
Arab Strap,ArcTanGent Festival,Fernhill Farm,14-Aug,2025,,Katrina,Festival,Yes,as140825.jpg,0,0,0
Godspeed You! Black Emperor,ArcTanGent Festival,Fernhill Farm,14-Aug,2025,38.7,Katrina,Festival,,,1,1,1
Lux Lisbon,Humber Street Sesh,Hull,02-Aug,2025,,Katrina,Festival,,,0,0,0
Bleach,Humber Street Sesh,Hull,02-Aug,2025,,Katrina,Festival,,,0,0,0
Pavey Ark,Humber Street Sesh,Hull,02-Aug,2025,,Katrina,Festival,,,0,0,0
Marnie Glum,Humber Street Sesh,Hull,02-Aug,2025,,Katrina,Festival,,,0,0,0
SugarFüt,Humber Street Sesh,Hull,02-Aug,2025,,Katrina,Festival,,,0,0,0
Matt Edible & The Obtuse Angels,Humber Street Sesh,Hull,02-Aug,2025,,Katrina,Festival,,,0,0,0
Charlie-Anne,Humber Street Sesh,Hull,02-Aug,2025,,Katrina,Festival,,,0,0,0
Yutaniii,Humber Street Sesh,Hull,02-Aug,2025,,Katrina,Festival,,,0,0,0
Wench!,Humber Street Sesh,Hull,02-Aug,2025,,Katrina,Festival,,,0,0,0
Velvet Tuxedo,Humber Street Sesh,Hull,02-Aug,2025,,Katrina,Festival,,,0,0,0
Ever,Humber Street Sesh,Hull,02-Aug,2025,,Katrina,Festival,,,0,0,0
Runt,Humber Street Sesh,Hull,02-Aug,2025,,Katrina,Festival,,,0,0,0
Sinead Campbell,Humber Street Sesh,Hull,02-Aug,2025,,Katrina,Festival,,,0,0,0
Part Time Model,Humber Street Sesh,Hull,02-Aug,2025,,Katrina,Festival,,,0,0,0
O'Phantom,Humber Street Sesh,Hull,02-Aug,2025,,Katrina,Festival,,,0,0,0
Pearl’s Cab Ride,Humber Street Sesh,Hull,02-Aug,2025,,Katrina,Festival,,,0,0,0
Rothco,Humber Street Sesh,Hull,02-Aug,2025,22.5,Katrina,Festival,,,1,1,1
Hidden Mothers,2000 Trees Festival,Upcote Farm,12-Jul,2025,,Katrina,Festival,,,0,0,0
Love Rarely,2000 Trees Festival,Upcote Farm,12-Jul,2025,,Katrina,Festival,,,0,0,0
Last Hounds,2000 Trees Festival,Upcote Farm,12-Jul,2025,,Katrina,Festival,,,0,0,0
Bad Sign,2000 Trees Festival,Upcote Farm,12-Jul,2025,,Katrina,Festival,,,0,0,0
Catbite,2000 Trees Festival,Upcote Farm,12-Jul,2025,,Katrina,Festival,,,0,0,0
VOWER,2000 Trees Festival,Upcote Farm,12-Jul,2025,,Katrina,Festival,,,0,0,0
Love Is Noise,2000 Trees Festival,Upcote Farm,12-Jul,2025,,Katrina,Festival,,,0,0,0
Anxious,2000 Trees Festival,Upcote Farm,12-Jul,2025,,Katrina,Festival,,,0,0,0
Sparta,2000 Trees Festival,Upcote Farm,12-Jul,2025,,Katrina,Festival,,,0,0,0
Future of the Left,2000 Trees Festival,Upcote Farm,12-Jul,2025,,Katrina,Festival,,,0,0,0
Birds in Row,2000 Trees Festival,Upcote Farm,12-Jul,2025,,Katrina,Festival,,,0,0,0
La Dispute,2000 Trees Festival,Upcote Farm,12-Jul,2025,,Katrina,Festival,,,0,0,0
letlive.,2000 Trees Festival,Upcote Farm,12-Jul,2025,,Katrina,Festival,,,0,0,0
Alexisonfire,2000 Trees Festival,Upcote Farm,12-Jul,2025,49.63,Katrina,Festival,,,1,1,1
Mallavora,2000 Trees Festival,Upcote Farm,11-Jul,2025,,Katrina,Festival,,,0,0,0
SPARE KID,2000 Trees Festival,Upcote Farm,11-Jul,2025,,Katrina,Festival,,,0,0,0
Coheed and Cambria,2000 Trees Festival,Upcote Farm,11-Jul,2025,,Katrina,Festival,,,0,0,0
Kaonashi,2000 Trees Festival,Upcote Farm,11-Jul,2025,,Katrina,Festival,,,0,0,0
KEG,2000 Trees Festival,Upcote Farm,11-Jul,2025,,Katrina,Festival,,,0,0,0
Terminal Sleep,2000 Trees Festival,Upcote Farm,11-Jul,2025,,Katrina,Festival,,,0,0,0
Julia Wolf,2000 Trees Festival,Upcote Farm,11-Jul,2025,,Katrina,Festival,,,0,0,0
Frank Turner,2000 Trees Festival,Upcote Farm,11-Jul,2025,,Katrina,Festival,,,0,0,0
La Dispute,2000 Trees Festival,Upcote Farm,11-Jul,2025,,Katrina,Festival,,,0,0,0
FIDLAR,2000 Trees Festival,Upcote Farm,11-Jul,2025,,Katrina,Festival,,,0,0,0
Mclusky,2000 Trees Festival,Upcote Farm,11-Jul,2025,,Katrina,Festival,,,0,0,0
Million Dead,2000 Trees Festival,Upcote Farm,11-Jul,2025,,Katrina,Festival,,,0,0,0
Taking Back Sunday,2000 Trees Festival,Upcote Farm,11-Jul,2025,,Katrina,Festival,,,0,0,0
Orchards,2000 Trees Festival,Upcote Farm,11-Jul,2025,,Katrina,Festival,,,0,0,0
Coheed and Cambria,2000 Trees Festival,Upcote Farm,11-Jul,2025,49.63,Katrina,Festival,,,1,1,1
Meryl Streek,2000 Trees Festival,Upcote Farm,10-Jul,2025,,Katrina,Festival,,,0,0,0
Youth Killed It,2000 Trees Festival,Upcote Farm,10-Jul,2025,,Katrina,Festival,,,0,0,0
Karen Dio,2000 Trees Festival,Upcote Farm,10-Jul,2025,,Katrina,Festival,,,0,0,0
Alien Chicks,2000 Trees Festival,Upcote Farm,10-Jul,2025,,Katrina,Festival,Yes,ac100825.jpg,0,0,0
Superbloom,2000 Trees Festival,Upcote Farm,10-Jul,2025,,Katrina,Festival,,,0,0,0
Unpeople,2000 Trees Festival,Upcote Farm,10-Jul,2025,,Katrina,Festival,,,0,0,0
Love Letter,2000 Trees Festival,Upcote Farm,10-Jul,2025,,Katrina,Festival,Yes,ll100825.jpg,0,0,0
Hyphen,2000 Trees Festival,Upcote Farm,10-Jul,2025,,Katrina,Festival,,,0,0,0
Big Special,2000 Trees Festival,Upcote Farm,10-Jul,2025,,Katrina,Festival,,,0,0,0
Battlesnake,2000 Trees Festival,Upcote Farm,10-Jul,2025,,Katrina,Festival,,,0,0,0
Twin Atlantic,2000 Trees Festival,Upcote Farm,10-Jul,2025,,Katrina,Festival,,,0,0,0
Orchards,2000 Trees Festival,Upcote Farm,10-Jul,2025,,Katrina,Festival,,,0,0,0
Kneecap,2000 Trees Festival,Upcote Farm,10-Jul,2025,49.62,Katrina,Festival,,,1,1,1
Haggard Cat,2000 Trees Festival,Upcote Farm,09-Jul,2025,,Katrina,Festival,,,0,0,0
Blank Atlas,2000 Trees Festival,Upcote Farm,09-Jul,2025,,Katrina,Festival,,,0,0,0
VOWER,2000 Trees Festival,Upcote Farm,09-Jul,2025,,Katrina,Festival,,,0,0,0
Unpeople,2000 Trees Festival,Upcote Farm,09-Jul,2025,,Katrina,Festival,,,0,0,0
Other Half,2000 Trees Festival,Upcote Farm,09-Jul,2025,,Katrina,Festival,,,0,0,0
Meryl Streek,2000 Trees Festival,Upcote Farm,09-Jul,2025,,Katrina,Festival,,,0,0,0
The Meffs,2000 Trees Festival,Upcote Farm,09-Jul,2025,,Katrina,Festival,,,0,0,0
Hot Milk,2000 Trees Festival,Upcote Farm,09-Jul,2025,49.62,Katrina,Festival,,,1,1,1
Redwood,Rebellion,Manchester,08-Jul,2025,,Katrina,Support,,,0,0,0
Love Rarely,Rebellion,Manchester,08-Jul,2025,,Katrina,Support,Yes,lr080825.jpg,0,0,0
Hail The Sun,Rebellion,Manchester,08-Jul,2025,17.38,Katrina,,,,1,1,1
A-TOTA-SO,The Parish,Huddersfield,03-Jul,2025,,Katrina,Support,,,0,0,0
Every Hell,The Parish,Huddersfield,03-Jul,2025,14.73,Katrina,,,,1,1,1
JPEGMAFIA,Wembley Stadium,London,25-Jun,2025,,Katrina,Support,,,0,0,0
Spiritbox,Wembley Stadium,London,25-Jun,2025,,Katrina,Support,,,0,0,0
Linkin Park,Wembley Stadium,London,25-Jun,2025,154.38,Katrina,,,,1,1,1
Five Time Steady,Merchant Adventurers' Hall,York,21-Jun,2025,0,"Katrina, Ollie Bass, Florian, Henry, Dad, Lucy, Mum, Richard, Morag, Sam Harper, Lewis Sallows, Alex Daines",,Yes,fs210625.jpg,1,1,1
William The Conqueror,Project House,Leeds,18-Jun,2025,,Solo,Support,,,0,0,0
Bright Eyes,Project House,Leeds,18-Jun,2025,47.75,Solo,,,,1,1,1
Boys Noize,Manchester Live Arena,Manchester,17-Jun,2025,,Katrina,Support,,,0,0,0
Nine Inch Nails,Manchester Live Arena,Manchester,17-Jun,2025,100.4,Katrina,,,,1,1,1
Spiritual Cramp,Download Festival,Donington Park,15-Jun,2025,,Katrina,Festival,,,0,0,0
Survive Said The Prophet,Download Festival,Donington Park,15-Jun,2025,,Katrina,Festival,,,0,0,0
Seven Hours After Violet,Download Festival,Donington Park,15-Jun,2025,,Katrina,Festival,,,0,0,0
President,Download Festival,Donington Park,15-Jun,2025,,Katrina,Festival,,,0,0,0
DEAD POET SOCIETY,Download Festival,Donington Park,15-Jun,2025,,Katrina,Festival,,,0,0,0
Meshuggah,Download Festival,Donington Park,15-Jun,2025,,Katrina,Festival,,,0,0,0
Spiritbox,Download Festival,Donington Park,15-Jun,2025,,Katrina,Festival,,,0,0,0
Unprocessed,Download Festival,Donington Park,15-Jun,2025,,Katrina,Festival,,,0,0,0
Novelists,Download Festival,Donington Park,15-Jun,2025,,Katrina,Festival,,,0,0,0
Lorna Shore,Download Festival,Donington Park,15-Jun,2025,,Katrina,Festival,,,0,0,0
Bullet For My Valentine,Download Festival,Donington Park,15-Jun,2025,,Katrina,Festival,,,0,0,0
Steel Panther,Download Festival,Donington Park,15-Jun,2025,,Katrina,Festival,,,0,0,0
SikTh,Download Festival,Donington Park,15-Jun,2025,,Katrina,Festival,,,0,0,0
Korn,Download Festival,Donington Park,15-Jun,2025,85,Katrina,Festival,,,1,1,1
Static Dress,Download Festival,Donington Park,14-Jun,2025,,Katrina,Festival,,,0,0,0
Lastelle,Download Festival,Donington Park,14-Jun,2025,,Katrina,Festival,,,0,0,0
Loathe,Download Festival,Donington Park,14-Jun,2025,,Katrina,Festival,,,0,0,0
Bastardane,Download Festival,Donington Park,14-Jun,2025,,Katrina,Festival,,,0,0,0
Hatebreed,Download Festival,Donington Park,14-Jun,2025,,Katrina,Festival,,,0,0,0
Kim Dracula,Download Festival,Donington Park,14-Jun,2025,,Katrina,Festival,,,0,0,0
Split Chain,Download Festival,Donington Park,14-Jun,2025,,Katrina,Festival,,,0,0,0
Currents,Download Festival,Donington Park,14-Jun,2025,,Katrina,Festival,,,0,0,0
Poppy,Download Festival,Donington Park,14-Jun,2025,,Katrina,Festival,,,0,0,0
Palaye Royale,Download Festival,Donington Park,14-Jun,2025,,Katrina,Festival,,,0,0,0
Awolnation,Download Festival,Donington Park,14-Jun,2025,,Katrina,Festival,,,0,0,0
Don Broco,Download Festival,Donington Park,14-Jun,2025,,Katrina,Festival,,,0,0,0
The Darkness,Download Festival,Donington Park,14-Jun,2025,,Katrina,Festival,,,0,0,0
Sex Pistols,Download Festival,Donington Park,14-Jun,2025,,Katrina,Festival,,,0,0,0
Dayseeker,Download Festival,Donington Park,14-Jun,2025,,Katrina,Festival,,,0,0,0
Cradle of Filth,Download Festival,Donington Park,14-Jun,2025,,Katrina,Festival,,,0,0,0
Sleep Token,Download Festival,Donington Park,14-Jun,2025,85,Katrina,Festival,,,1,1,1
SiM,Download Festival,Donington Park,13-Jun,2025,,Katrina,Festival,,,0,0,0
Unpeople,Download Festival,Donington Park,13-Jun,2025,,Katrina,Festival,,,0,0,0
Starset,Download Festival,Donington Park,13-Jun,2025,,Katrina,Festival,,,0,0,0
Gore.,Download Festival,Donington Park,13-Jun,2025,,Katrina,Festival,,,0,0,0
Boston Manor,Download Festival,Donington Park,13-Jun,2025,,Katrina,Festival,,,0,0,0
Northlane,Download Festival,Donington Park,13-Jun,2025,,Katrina,Festival,,,0,0,0
Rise Against,Download Festival,Donington Park,13-Jun,2025,,Katrina,Festival,,,0,0,0
Trophy Eyes,Download Festival,Donington Park,13-Jun,2025,,Katrina,Festival,,,0,0,0
Crossfaith,Download Festival,Donington Park,13-Jun,2025,,Katrina,Festival,,,0,0,0
Opeth,Download Festival,Donington Park,13-Jun,2025,,Katrina,Festival,,,0,0,0
VOLA,Download Festival,Donington Park,13-Jun,2025,,Katrina,Festival,,,0,0,0
Alcest,Download Festival,Donington Park,13-Jun,2025,,Katrina,Festival,,,0,0,0
Weezer,Download Festival,Donington Park,13-Jun,2025,,Katrina,Festival,,,0,0,0
Within Temptation,Download Festival,Donington Park,13-Jun,2025,,Katrina,Festival,,,0,0,0
McFly,Download Festival,Donington Park,13-Jun,2025,,Katrina,Festival,,,0,0,0
Green Day,Download Festival,Donington Park,13-Jun,2025,85,Katrina,Festival,,,1,1,1
L.O.E,Brudenell Social Club (Main),Leeds,11-Jun,2025,,Solo,Support,,,0,0,0
Foxing,Brudenell Social Club (Main),Leeds,11-Jun,2025,21.3,Solo,,Yes,fx110625.jpg,1,1,1
The Lottery Winners,Manchester Live Arena,Manchester,10-Jun,2025,,Katrina,Support,,,0,0,0
Robbie Williams,Manchester Live Arena,Manchester,10-Jun,2025,97.7,Katrina,,,,1,1,1
Lowen,Koko,London,30-May,2025,,Katrina,Support,,,0,0,0
Creeper,Koko,London,30-May,2025,38.88,Katrina,,,,1,1,1
Dancer,Manchester Academy 3,Manchester,28-May,2025,,Solo,Support,,,0,0,0
The Hotelier,Manchester Academy 3,Manchester,28-May,2025,20.9,Solo,,,,1,1,1
Dancer,The Wardrobe,Leeds,26-May,2025,,Solo,Support,,,0,0,0
The Hotelier,The Wardrobe,Leeds,26-May,2025,23.15,Solo,,,,1,1,1
Balu Brigada,Manchester Arena,Manchester,11-May,2025,,Katrina,Support,,,0,0,0
Twenty One Pilots,Manchester Arena,Manchester,11-May,2025,91.33,Katrina,,,,1,1,1
Naut,The Black Heart,London,03-May,2025,,Katrina,Festival,,,0,1,0
Copse,The Dev,London,03-May,2025,,Katrina,Festival,,,0,1,0
Lamp of Murmuur,Electric Ballroom,London,03-May,2025,,Katrina,Festival,,,0,0,0
Spectral Wound,Electric Ballroom,London,03-May,2025,,Katrina,Festival,,,0,1,0
Batushka,Roundhouse,London,03-May,2025,,Katrina,Festival,,,0,0,0
Blood Incantation,Roundhouse,London,03-May,2025,99.2,Katrina,Festival,,,1,1,1
Ómoia,Brudenell Social Club (Main),Leeds,26-Apr,2025,,Katrina,Festival,,,0,0,0
A-TOTA-SO,Brudenell Social Club (Main),Leeds,26-Apr,2025,,Katrina,Festival,,,0,0,0
Every Hell,Brudenell Social Club (Main),Leeds,26-Apr,2025,,Katrina,Festival,,eh270425.jpg,0,0,0
VLMV,Brudenell Social Club (Main),Leeds,26-Apr,2025,,Katrina,Festival,,,0,0,0
Hidden Mothers,Brudenell Social Club (Main),Leeds,26-Apr,2025,,Katrina,Festival,Yes,hm270425.jpg,0,0,0
"Overhead, The Albatross",Brudenell Social Club (Main),Leeds,26-Apr,2025,25,Katrina,Festival,,,1,1,1
Other Half,Key Club,Leeds,20-Apr,2025,,Solo,Support,,,0,0,0
Single Mothers,Key Club,Leeds,20-Apr,2025,18,Solo,,,,1,1,1
Five Time Steady,The Countryman's Inn,Hunton,19-Apr,2025,0,Katrina,,,,1,1,1
The Throwaway Scene,The Lexington,London,12-Apr,2025,,Solo,Support,,,0,0,0
Delaire The Liar,The Lexington,London,12-Apr,2025,14.3,Solo,,,,1,1,1
Pigment,Fulford Arms,York,06-Apr,2025,,Katrina,Support,,,0,0,0
You Win Again Gravity,Fulford Arms,York,06-Apr,2025,,Katrina,Support,,,0,0,0
Pleiades,Fulford Arms,York,06-Apr,2025,11.6,Katrina,,,,1,1,1
Jeff Wayne,Newcastle Arena,Newcastle,05-Apr,2025,0,"Katrina, Morag, Richard",War of the Worlds,,,1,1,1
Johnny Campbell,Green Croft On The Wall,Gilsland,01-Apr,2025,0,"Katrina, Morag, Richard",,,,1,1,1
Blame Yourself,The Cluny 2,Newcastle,31-Mar,2025,,Solo,Support,,,0,0,0
The Nightmares,The Cluny 2,Newcastle,31-Mar,2025,,Solo,Support,,,0,0,0
Save Face,The Cluny 2,Newcastle,31-Mar,2025,16.9,Solo,,,,1,1,1
Blood Feud,Boom (Millwright Street),Leeds,30-Mar,2025,,Katrina,Support,,,0,0,0
Pleasure,Boom (Millwright Street),Leeds,30-Mar,2025,,Katrina,Support,,,0,0,0
Mother Nature,Boom (Millwright Street),Leeds,30-Mar,2025,21.35,Katrina,,,,1,1,1
Knats,New Century Hall,Manchester,29-Mar,2025,,Katrina,Support,,,0,0,0
Geordie Greep,New Century Hall,Manchester,29-Mar,2025,24.11,Katrina,,,,1,1,1
Ruby Duff,Brudenell Social Club (Main),Leeds,23-Mar,2025,,Katrina,Support,,,0,0,0
The Hoosiers,Brudenell Social Club (Main),Leeds,23-Mar,2025,27.45,Katrina,,,,1,1,1
saturdays at your place,Islington Academy,London,07-Feb,2025,,Katrina,Support,,,0,0,0
Origami Angel,Islington Academy,London,07-Feb,2025,28.53,Katrina,,,,1,1,1
Greywind,Camden Underworld,London,01-Feb,2025,,Solo,Support,,,0,0,0
Beauty School,Camden Underworld,London,01-Feb,2025,,Solo,Support,,,0,0,0
The Wonder Years,Camden Underworld,London,01-Feb,2025,36.85,Solo,,,,1,1,1
Leprous,Kentish Town Forum,London,31-Jan,2025,32.3,Solo,,,,1,1,1
Hang Lilton,Brudenell Social Club (Main),Leeds,27-Jan,2025,,Katrina,Support,,,0,0,0
Gia Ford,Brudenell Social Club (Main),Leeds,27-Jan,2025,,Katrina,Support,,,0,0,0
Big Special,Brudenell Social Club (Main),Leeds,27-Jan,2025,11.5,Katrina,,Yes,bs280125.jpg,1,1,1
Greyhaven,The Grove,Newcastle,22-Jan,2025,,Katrina,Support,,,0,0,0
Frontierer,The Grove,Newcastle,22-Jan,2025,,Katrina,Support,,,0,0,0
Better Lovers,The Grove,Newcastle,22-Jan,2025,29.35,Katrina,,,,1,1,1
Rothco,New Adelphi Club,Hull,28-Dec,2024,,Katrina,Support,,,0,0,0
No Nothings,New Adelphi Club,Hull,28-Dec,2024,,Katrina,Support,,,0,0,0
Avalanche Party,New Adelphi Club,Hull,28-Dec,2024,13.2,Katrina,,,,1,1,1
Teenage Wrist,Stockton Globe,Stockton,04-Dec,2024,,Katrina,Support,,,0,0,0
Enter Shikari,Stockton Globe,Stockton,04-Dec,2024,43.45,Katrina,,,,1,1,1
Bilmuri,Leeds Arena,Leeds,02-Dec,2024,,Solo,Support,,,0,0,0
Sleep Token,Leeds Arena,Leeds,02-Dec,2024,59.25,Solo,,,,1,1,1
gglum,Yes (Pink Room),Manchester,28-Nov,2024,,Katrina,Support,,,0,0,0
Honeyglaze,Yes (Pink Room),Manchester,28-Nov,2024,14.04,Katrina,,,,1,1,1
Pet Needs,Key Club,Leeds,21-Nov,2024,,Katrina,Support,,,0,0,0
Laura Jane Grace,Key Club,Leeds,21-Nov,2024,26.6,Katrina,,,,1,1,1
Love Is Noise,Key Club,Leeds,20-Nov,2024,,Katrina,Support,,,0,0,0
Graphic Nature,Key Club,Leeds,20-Nov,2024,,Katrina,Support,,,0,0,0
Thornhill,Key Club,Leeds,20-Nov,2024,22.75,Katrina,,,,1,1,1
Normal Village,Leeds Beckett Theatre,Leeds,16-Nov,2024,,Katrina,Festival,,,0,0,0
Alien Chicks,Key Club,Leeds,16-Nov,2024,,Katrina,Festival,,,0,0,0
Mynk,Santiago's Bar,Leeds,16-Nov,2024,,Katrina,Festival,,,0,1,0
Willie J Healey,Leeds Beckett Students Union,Leeds,16-Nov,2024,,Katrina,Festival,,,0,0,0
Arxx,Key Club,Leeds,16-Nov,2024,,Katrina,Festival,,,0,0,0
Unpeople,Key Club,Leeds,16-Nov,2024,,Katrina,Festival,,,0,1,0
No Wukkas,Leeds Beckett Theatre,Leeds,16-Nov,2024,,Katrina,Festival,,,0,1,0
Charlieeeee,Headrow House,Leeds,16-Nov,2024,,Katrina,Festival,,,0,1,0
Everything Everything,Leeds Beckett Students Union,Leeds,16-Nov,2024,38.1,Katrina,Festival,,,1,1,1
Truthpaste,Project House,Leeds,10-Nov,2024,,Katrina,Support,,,0,0,0
Fat Dog,Project House,Leeds,10-Nov,2024,16.8,Katrina,,,,1,1,1
Dea Matrona,New Century Hall,Manchester,03-Nov,2024,,"Katrina, Henry",Support,,,0,0,0
Royal Republic,New Century Hall,Manchester,03-Nov,2024,22.53,"Katrina, Henry",,,,1,1,1
Australian Pink Floyd,Harrogate Convention Centre,Harrogate,01-Nov,2024,51.88,Katrina,,,,1,1,1
Biffy Clyro,Shepherds Bush Empire,London,22-Oct,2024,68.05,Solo,,,,1,1,1
Biffy Clyro,Shepherds Bush Empire,London,21-Oct,2024,68.05,Solo,,,,1,1,1
Biffy Clyro,Shepherds Bush Empire,London,20-Oct,2024,68.05,Solo,,,,1,1,1
Blank Atlas,The Old Blue Last,London,18-Oct,2024,,Solo,Support,,,0,0,0
El Moono,The Old Blue Last,London,18-Oct,2024,,Solo,Support,Yes,em181024.jpg,0,0,0
Blanket,The Old Blue Last,London,18-Oct,2024,13.22,Solo,,Yes,bl181024.jpg,1,1,1
Oversize,The Grace,London,15-Oct,2024,,Solo,Support,,,0,0,0
Unpeople,The Grace,London,15-Oct,2024,12.25,Solo,,,,1,1,1
The Kairos,Manchester Academy 1,Manchester,24-Sep,2024,,Katrina,Support,,,0,0,0
Sex Pistols,Manchester Academy 1,Manchester,24-Sep,2024,55.8,Katrina,,,,1,1,1
Honeyglaze,Crash Records,Leeds,23-Sep,2024,15.49,Katrina,,,,1,1,1
David Gilmour,Brighton Centre,Brighton,21-Sep,2024,37.23,Katrina,,,,1,1,1
Split Chain,Project House,Leeds,20-Sep,2024,,Solo,Support,,,0,0,0
Trophy Eyes,Project House,Leeds,20-Sep,2024,,Solo,Support,,,0,0,0
Boston Manor,Project House,Leeds,20-Sep,2024,27.01,Solo,,,,1,1,1
Drone Queen,Rough Trade Bristol,Bristol,14-Sep,2024,,Katrina,Support,,,0,0,0
Epithemeus,Rough Trade Bristol,Bristol,14-Sep,2024,,Katrina,Support,,,0,0,0
Nuns of the Tundra,Rough Trade Bristol,Bristol,14-Sep,2024,13,Katrina,,Yes,nt140924.jpg,1,1,1
Tchotchke,Brudenell Social Club (Main),Leeds,11-Sep,2024,,Katrina,Support,,,0,0,0
The Lemon Twigs,Brudenell Social Club (Main),Leeds,11-Sep,2024,27.8,Katrina,,,,1,1,1
Redwood,Boom (Millwright Street),Leeds,08-Sep,2024,,Solo,Support,,,0,0,0
Have Mercy,Boom (Millwright Street),Leeds,08-Sep,2024,17.5,Solo,,,,1,1,1
Ultimate Thunder,Millenium Square,Leeds,03-Aug,2024,,Katrina,Support,,,0,0,0
Fat Dog,Millenium Square,Leeds,03-Aug,2024,,Katrina,Support,,,0,0,0
English Teacher,Millenium Square,Leeds,03-Aug,2024,,Katrina,Support,,,0,0,0
Yard Act,Millenium Square,Leeds,03-Aug,2024,33,Katrina,,,,1,1,1
Holding Absence,Victoria Warehouse,Manchester,28-Jul,2024,,Solo,Festival,Yes,ha280724.jpg,0,0,0
Humanity's Last Breath,Victoria Warehouse,Manchester,28-Jul,2024,,Solo,Festival,,,0,0,0
Leprous,Victoria Warehouse,Manchester,28-Jul,2024,0,Solo,Festival,,,1,1,1
saturdays at your place,Key Club,Leeds,24-Jul,2024,,Solo,Support,,,0,0,0
Free Throw,Key Club,Leeds,24-Jul,2024,18.5,Solo,,,,1,1,1
Soft Play,The Wardrobe,Leeds,23-Jul,2024,23.49,Katrina,,Yes,sp230724.jpg,1,1,1
Mould,2000 Trees Festival,Upcote Farm,13-Jul,2024,,Katrina,Festival,,,0,0,0
68,2000 Trees Festival,Upcote Farm,13-Jul,2024,,Katrina,Festival,,,0,0,0
Michael Cera Palin,2000 Trees Festival,Upcote Farm,13-Jul,2024,,Katrina,Festival,,,0,0,0
Interlaker,2000 Trees Festival,Upcote Farm,13-Jul,2024,,Katrina,Festival,,,0,0,0
Indoor Pets,2000 Trees Festival,Upcote Farm,13-Jul,2024,,Katrina,Festival,,,0,0,0
Dune Rats,2000 Trees Festival,Upcote Farm,13-Jul,2024,,Katrina,Festival,,,0,0,0
Every Hell,2000 Trees Festival,Upcote Farm,13-Jul,2024,,Katrina,Festival,,,0,0,0
Roe Kapara,2000 Trees Festival,Upcote Farm,13-Jul,2024,,Katrina,Festival,,,0,0,0
Into It. Over It.,2000 Trees Festival,Upcote Farm,13-Jul,2024,,Katrina,Festival,,,0,0,0
House of Women,2000 Trees Festival,Upcote Farm,13-Jul,2024,,Katrina,Festival,,,0,0,0
Cleopatrick,2000 Trees Festival,Upcote Farm,13-Jul,2024,,Katrina,Festival,,,0,0,0
Angel Du$t,2000 Trees Festival,Upcote Farm,13-Jul,2024,,Katrina,Festival,,,0,0,0
Death from Above 1979,2000 Trees Festival,Upcote Farm,13-Jul,2024,,Katrina,Festival,,,0,0,0
Blanket,2000 Trees Festival,Upcote Farm,13-Jul,2024,,Katrina,Festival,,,0,0,0
Frank Turner,2000 Trees Festival,Upcote Farm,13-Jul,2024,,Katrina,Festival,,,0,0,0
Creeper,2000 Trees Festival,Upcote Farm,13-Jul,2024,,Katrina,Festival,Yes,cr130724.jpg,0,0,0
Don Broco,2000 Trees Festival,Upcote Farm,13-Jul,2024,46.88,Katrina,Festival,,,1,1,1
Bex,2000 Trees Festival,Upcote Farm,12-Jul,2024,,Katrina,Festival,,,0,0,0
Artio,2000 Trees Festival,Upcote Farm,12-Jul,2024,,Katrina,Festival,,,0,0,0
Sløtface,2000 Trees Festival,Upcote Farm,12-Jul,2024,,Katrina,Festival,,,0,0,0
King Nun,2000 Trees Festival,Upcote Farm,12-Jul,2024,,Katrina,Festival,,,0,0,0
The Rumjacks,2000 Trees Festival,Upcote Farm,12-Jul,2024,,Katrina,Festival,,,0,0,0
Tropic Gold,2000 Trees Festival,Upcote Farm,12-Jul,2024,,Katrina,Festival,,,0,0,0
iDestroy,2000 Trees Festival,Upcote Farm,12-Jul,2024,,Katrina,Festival,,,0,0,0
Unpeople,2000 Trees Festival,Upcote Farm,12-Jul,2024,,Katrina,Festival,,,0,0,0
Sweet Pill,2000 Trees Festival,Upcote Farm,12-Jul,2024,,Katrina,Festival,,,0,0,0
Guilt Trip,2000 Trees Festival,Upcote Farm,12-Jul,2024,,Katrina,Festival,,,0,0,0
Lauren Hibberd,2000 Trees Festival,Upcote Farm,12-Jul,2024,,Katrina,Festival,,,0,0,0
Bears in Trees,2000 Trees Festival,Upcote Farm,12-Jul,2024,,Katrina,Festival,,,0,0,0
Palm Reader,2000 Trees Festival,Upcote Farm,12-Jul,2024,,Katrina,Festival,,,0,0,0
Thumpasaurus,2000 Trees Festival,Upcote Farm,12-Jul,2024,,Katrina,Festival,,,0,0,0
The Chats,2000 Trees Festival,Upcote Farm,11-Jul,2024,46.88,Katrina,Festival,,,1,1,1
The Oozes,2000 Trees Festival,Upcote Farm,11-Jul,2024,,Katrina,Festival,,,0,0,0
Spanish Love Songs,2000 Trees Festival,Upcote Farm,11-Jul,2024,,Katrina,Festival,,,0,0,0
Meryl Streek,2000 Trees Festival,Upcote Farm,11-Jul,2024,,Katrina,Festival,,,0,0,0
VOWER,2000 Trees Festival,Upcote Farm,11-Jul,2024,,Katrina,Festival,,,0,0,0
Static Dress,2000 Trees Festival,Upcote Farm,11-Jul,2024,,Katrina,Festival,Yes,sd110724.jpg,0,0,0
NOBRO,2000 Trees Festival,Upcote Farm,11-Jul,2024,,Katrina,Festival,,,0,0,0
Spanish Love Songs,2000 Trees Festival,Upcote Farm,11-Jul,2024,,Katrina,Festival,,,0,0,0
Movements,2000 Trees Festival,Upcote Farm,11-Jul,2024,,Katrina,Festival,,,0,0,0
Boston Manor,2000 Trees Festival,Upcote Farm,11-Jul,2024,,Katrina,Festival,,,0,0,0
Manchester Orchestra,2000 Trees Festival,Upcote Farm,11-Jul,2024,,Katrina,Festival,,,0,0,0
Hot Mulligan,2000 Trees Festival,Upcote Farm,11-Jul,2024,,Katrina,Festival,,,0,0,0
Better Lovers,2000 Trees Festival,Upcote Farm,11-Jul,2024,,Katrina,Festival,,,0,0,0
The Gaslight Anthem,2000 Trees Festival,Upcote Farm,11-Jul,2024,46.87,Katrina,Festival,,,1,1,1
Exit Child,2000 Trees Festival,Upcote Farm,10-Jul,2024,,Katrina,Festival,,,0,0,0
Kite Thief,2000 Trees Festival,Upcote Farm,10-Jul,2024,,Katrina,Festival,,,0,0,0
Carsick,2000 Trees Festival,Upcote Farm,10-Jul,2024,,Katrina,Festival,,,0,0,0
Lambrini Girls,2000 Trees Festival,Upcote Farm,10-Jul,2024,,Katrina,Festival,,,0,0,0
Enola Gay,2000 Trees Festival,Upcote Farm,10-Jul,2024,,Katrina,Festival,,,0,0,0
Frozemode,2000 Trees Festival,Upcote Farm,10-Jul,2024,,Katrina,Festival,,,0,0,0
Boston Manor,2000 Trees Festival,Upcote Farm,10-Jul,2024,46.87,Katrina,Festival,,,1,1,1
The Pretty Reckless,Wembley Stadium,London,07-Jul,2024,,Katrina,Support,,,0,0,0
AC/DC,Wembley Stadium,London,07-Jul,2024,102.5,Katrina,,,,1,1,1
Balancing Act,Shepherds Bush Empire,London,03-Jul,2024,,Katrina,Support,,,0,0,0
iDKHOW,Shepherds Bush Empire,London,03-Jul,2024,31.58,Katrina,,,,1,1,1
The Paperclips,Ushi's Coffee Corner,Glasgow,27-Jun,2024,,Solo,Support,,,0,0,0
Born Without Bones,Ushi's Coffee Corner,Glasgow,27-Jun,2024,,Solo,Support,,,0,0,0
The Hotelier,Ushi's Coffee Corner,Glasgow,27-Jun,2024,11.59,Solo,Acoustic,,,1,1,1
Nothing But Thieves,Old Trafford,Manchester,21-Jun,2024,,Solo,,,,0,0,0
Green Day,Old Trafford,Manchester,21-Jun,2024,75,Solo,,,,1,1,1
Lord of the Lost,Download Festival,Donington Park,16-Jun,2024,,Katrina,Festival,,,0,0,0
Code Orange,Download Festival,Donington Park,16-Jun,2024,,Katrina,Festival,,,0,0,0
Creeper,Download Festival,Donington Park,16-Jun,2024,,Katrina,Festival,,,0,0,0
Royal Republic,Download Festival,Donington Park,16-Jun,2024,,Katrina,Festival,,,0,0,0
Zebrahead,Download Festival,Donington Park,16-Jun,2024,,Katrina,Festival,,,0,0,0
Tigercub,Download Festival,Donington Park,16-Jun,2024,,Katrina,Festival,,,0,0,0
Of Mice & Men,Download Festival,Donington Park,16-Jun,2024,,Katrina,Festival,,,0,0,0
Thy Art Is Murder,Download Festival,Donington Park,16-Jun,2024,,Katrina,Festival,,,0,0,0
Atreyu,Download Festival,Donington Park,16-Jun,2024,,Katrina,Festival,,,0,0,0
Limp Bizkit,Download Festival,Donington Park,16-Jun,2024,,Katrina,Festival,,,0,0,0
Counterparts,Download Festival,Donington Park,16-Jun,2024,,Katrina,Festival,,,0,0,0
Avenged Sevenfold,Download Festival,Donington Park,16-Jun,2024,77.54,Katrina,Festival,,,1,1,1
Bambie Thug,Download Festival,Manchester,15-Jun,2024,,Katrina,Festival,,,0,0,0
Knife Bride,Download Festival,Manchester,15-Jun,2024,,Katrina,Festival,,,0,0,0
ALT BLK ERA,Download Festival,Manchester,15-Jun,2024,,Katrina,Festival,,,0,0,0
Calva Louise,Download Festival,Manchester,15-Jun,2024,,Katrina,Festival,,,0,0,0
Frank Carter,Download Festival,Manchester,15-Jun,2024,,Katrina,Festival,,,0,0,0
Karnivool,Download Festival,Manchester,15-Jun,2024,,Katrina,Festival,,,0,0,0
Babymetal,Download Festival,Manchester,15-Jun,2024,,Katrina,Festival,,,0,0,0
Enter Shikari,Download Festival,Manchester,15-Jun,2024,,Katrina,Festival,,,0,0,0
Silverstein,Download Festival,Manchester,15-Jun,2024,,Katrina,Festival,,,0,0,0
Holding Absence,Download Festival,Manchester,15-Jun,2024,,Katrina,Festival,,,0,0,0
Billy Talent,Download Festival,Manchester,15-Jun,2024,,Katrina,Festival,,,0,0,0
Fall Out Boy,Download Festival,Donington Park,15-Jun,2024,77.54,Katrina,Festival,,,1,1,1
HANABIE.,Download Festival,Manchester,14-Jun,2024,,Katrina,Festival,,,0,0,0
Frozemode,Download Festival,Manchester,14-Jun,2024,,Katrina,Festival,,,0,0,0
Mouth Culture,Download Festival,Manchester,14-Jun,2024,,Katrina,Festival,,,0,0,0
The Struts,Download Festival,Manchester,14-Jun,2024,,Katrina,Festival,,,0,0,0
All Them Witches,Download Festival,Manchester,14-Jun,2024,,Katrina,Festival,,,0,0,0
Polyphia,Download Festival,Manchester,14-Jun,2024,,Katrina,Festival,,,0,0,0
Soft Play,Download Festival,Manchester,14-Jun,2024,,Katrina,Festival,,,0,0,0
Black Stone Cherry,Download Festival,Manchester,14-Jun,2024,,Katrina,Festival,,,0,0,0
The Callous Daoboys,Download Festival,Manchester,14-Jun,2024,,Katrina,Festival,,,0,0,0
Mr. Bungle,Download Festival,Manchester,14-Jun,2024,,Katrina,Festival,,,0,0,0
Royal Blood,Download Festival,Manchester,14-Jun,2024,,Katrina,Festival,,,0,0,0
Heilung,Download Festival,Manchester,14-Jun,2024,,Katrina,Festival,,,0,0,0
Busted,Download Festival,Manchester,14-Jun,2024,,Katrina,Festival,,,0,0,0
Queens of the Stone Age,Download Festival,Manchester,14-Jun,2024,77.54,Katrina,Festival,,,1,1,1
Tummyache,The Garage,London,06-Jun,2024,,Solo,Support,,,0,0,0
Shooting Daggers,The Garage,London,06-Jun,2024,,Solo,Support,,,0,0,0
La Dispute,The Garage,London,06-Jun,2024,31.35,Solo,,,,1,1,1
Arm's Length,Slam Dunk Festival North,Leeds,26-May,2024,,Katrina,Festival,,,0,0,0
Beauty School,Slam Dunk Festival North,Leeds,26-May,2024,,Katrina,Festival,,,0,0,0
Big D And The Kids Table,Slam Dunk Festival North,Leeds,26-May,2024,,Katrina,Festival,,,0,0,0
The Red Jumpsuit Apparatus,Slam Dunk Festival North,Leeds,26-May,2024,,Katrina,Festival,,,0,0,0
Head Automatica,Slam Dunk Festival North,Leeds,26-May,2024,,Katrina,Festival,,,0,0,0
Guilt Trip,Slam Dunk Festival North,Leeds,26-May,2024,,Katrina,Festival,,,0,0,0
One Step Closer,Slam Dunk Festival North,Leeds,26-May,2024,,Katrina,Festival,,,0,0,0
Set It Off,Slam Dunk Festival North,Leeds,26-May,2024,,Katrina,Festival,,,0,0,0
As Everything Unfolds,Slam Dunk Festival North,Leeds,26-May,2024,,Katrina,Festival,,,0,0,0
The Blackout,Slam Dunk Festival North,Leeds,26-May,2024,,Katrina,Festival,,,0,0,0
Mallory Knox,Slam Dunk Festival North,Leeds,26-May,2024,,Katrina,Festival,,,0,0,0
The Selecter,Slam Dunk Festival North,Leeds,26-May,2024,,Katrina,Festival,,,0,0,0
La Dispute,Slam Dunk Festival North,Leeds,26-May,2024,,Katrina,Festival,,,0,0,0
L.S. Dunes,Slam Dunk Festival North,Leeds,26-May,2024,,Katrina,Festival,,,0,0,0
Boys Like Girls,Slam Dunk Festival North,Leeds,26-May,2024,,Katrina,Festival,,,0,0,0
Funeral For A Friend,Slam Dunk Festival North,Leeds,26-May,2024,,Katrina,Festival,,,0,0,0
The All-American Rejects,Slam Dunk Festival North,Leeds,26-May,2024,,Katrina,Festival,,,0,0,0
The Wonder Years,Slam Dunk Festival North,Leeds,26-May,2024,100.15,Katrina,Festival,,,1,1,1
The New Eves,Wide Awake Festival,London,25-May,2024,,Katrina,Festival,,,0,0,0
Special Interest,Wide Awake Festival,London,25-May,2024,,Katrina,Festival,,,0,0,0
The Itch,Wide Awake Festival,London,25-May,2024,,Katrina,Festival,,,0,0,0
YHWH Nailgun,Wide Awake Festival,London,25-May,2024,,Katrina,Festival,,,0,0,0
Babe Rainbow,Wide Awake Festival,London,25-May,2024,,Katrina,Festival,,,0,0,0
Lambrini Girls,Wide Awake Festival,London,25-May,2024,,Katrina,Festival,,,0,0,0
C.O.F.F.I.N,Wide Awake Festival,London,25-May,2024,,Katrina,Festival,,,0,0,0
Model/Actriz,Wide Awake Festival,London,25-May,2024,,Katrina,Festival,,,0,0,0
Faux Real,Wide Awake Festival,London,25-May,2024,,Katrina,Festival,,,0,0,0
Dry Cleaning,Wide Awake Festival,London,25-May,2024,,Katrina,Festival,,,0,0,0
The Dare,Wide Awake Festival,London,25-May,2024,,Katrina,Festival,,,0,0,0
Fat Dog,Wide Awake Festival,London,25-May,2024,,Katrina,Festival,,,0,0,0
Squid,Wide Awake Festival,London,25-May,2024,,Katrina,Festival,,,0,0,0
Young Fathers,Wide Awake Festival,London,25-May,2024,,Katrina,Festival,,,0,0,0
Slowdive,Wide Awake Festival,London,25-May,2024,,Katrina,Festival,,,0,0,0
King Gizzard & The Lizard Wizard,Wide Awake Festival,London,25-May,2024,66.76,Katrina,Festival,,,1,1,1
Dryjacket,Key Club,Leeds,19-May,2024,,Katrina,Support,,,0,0,0
Future Teens,Key Club,Leeds,19-May,2024,,Katrina,Support,,,0,0,0
Aaron West,Key Club,Leeds,19-May,2024,22.75,Katrina,,,,1,1,1
Emma Johnson's Gravy Boat,Derwenthorpe Festival,York,18-May,2024,0,Katrina,,,,1,1,1
Sick Joy,Clwb Ifor Bach,Cardiff,03-May,2024,,Katrina,Support,,,0,0,0
Demob Happy,Clwb Ifor Bach,Cardiff,03-May,2024,15.4,Katrina,,,,1,1,1
Sidewinder,Boom (Millwright Street),Leeds,13-Apr,2024,,Katrina,Support,,,0,0,0
Murder Blossom,Boom (Millwright Street),Leeds,13-Apr,2024,,Katrina,Support,,,0,0,0
The Hell,Boom (Millwright Street),Leeds,13-Apr,2024,15.9,Katrina,,,,1,1,1
Mika,Manchester Apollo,Manchester,07-Apr,2024,53.85,"Katrina, Morag",,Yes,mk070424.jpg,1,1,1
Happy Daze,Project House,Leeds,04-Apr,2024,,Solo,Support,,,0,0,0
Trophy Eyes,Project House,Leeds,04-Apr,2024,20.8,Solo,,,,1,1,1
Holding Absence,Nottingham Arena,Nottingham,05-Apr,2024,,Katrina,Support,,,0,0,0
Dayseeker,Nottingham Arena,Nottingham,05-Apr,2024,,Katrina,Support,,,0,0,0
Pierce the Veil,Nottingham Arena,Nottingham,05-Apr,2024,44.19,Katrina,,,,1,1,1
Gorilla Riot,Factory,Manchester,30-Mar,2024,,Katrina,Support,,,0,0,0
Earl of Hell,Factory,Manchester,30-Mar,2024,,Katrina,Support,,,0,0,0
Alain Johannes,Factory,Manchester,30-Mar,2024,17,Katrina,,,,1,1,1
Loathe,Wembley Arena,London,22-Mar,2024,,Katrina,Support,,,0,0,0
Twin Atlantic,Wembley Arena,London,22-Mar,2024,,Katrina,Support,,,0,0,0
Fightstar,Wembley Arena,London,22-Mar,2024,48.65,Katrina,,,,1,1,1
Zetra,Project House,Leeds,21-Mar,2024,,Katrina,Support,,,0,0,0
Creeper,Project House,Leeds,21-Mar,2024,25.88,Katrina,,,,1,1,1
Ready the Prince,Brudenell Social Club (Main),Leeds,16-Mar,2024,,Katrina,Support,,,0,0,0
DEAD POET SOCIETY,Brudenell Social Club (Main),Leeds,16-Mar,2024,16.38,Katrina,,,,1,1,1
Red Rum Club,Jumbo Records,Leeds,28-Feb,2024,22.24,Katrina,,,,1,1,1
No Wukkas,Brudenell Social Club (Main),Leeds,12-Feb,2024,,Katrina,Support,Yes,nw120224.jpg,0,0,0
Duvet,Brudenell Social Club (Main),Leeds,12-Feb,2024,,Katrina,Support,,,0,0,0
Courting,Brudenell Social Club (Main),Leeds,12-Feb,2024,15.7,Katrina,,,,1,1,1
King Thieves,Fulford Arms,York,10-Feb,2024,,Katrina,Support,,,0,0,0
The Hangnails,Fulford Arms,York,10-Feb,2024,,Katrina,Support,,,0,0,0
King Nun,Fulford Arms,York,10-Feb,2024,12.2,Katrina,,Yes,kn100224.jpg,1,1,1
FEVER 333,Leeds Arena,Leeds,09-Feb,2024,,Katrina,Support,,,0,0,0
Enter Shikari,Leeds Arena,Leeds,09-Feb,2024,40.43,Katrina,,,,1,1,1
Drug Church,Project House,Leeds,07-Feb,2024,,Solo,Support,,,0,0,0
Citizen,Project House,Leeds,07-Feb,2024,27.25,Solo,,Yes,cz070224.jpg,1,1,1
Blame Yourself,The Grove,Newcastle,01-Feb,2024,,Solo,Support,,,0,0,0
Beauty School,The Grove,Newcastle,01-Feb,2024,,Solo,Support,Yes,bs010224.jpg,0,0,0
Arm's Length,The Grove,Newcastle,01-Feb,2024,15.8,Solo,,Yes,al010224.jpg,1,1,1
Margarita Witch Cult,Think Tank,Newcastle,31-Jan,2024,,"Katrina, Richard",Support,,,0,0,0
Bat Sabbath,Think Tank,Newcastle,31-Jan,2024,22.49,"Katrina, Richard",,,,1,1,1
Fern Veh,Brudenell Social Club (Main),Leeds,24-Jan,2024,,Katrina,Support,,,0,0,0
Foxing,Brudenell Social Club (Main),Leeds,24-Jan,2024,17.8,Katrina,,Yes,fx240124.jpg,1,1,1
Static Dress,Sheffield Arena,Sheffield,19-Jan,2024,,Katrina,Support,,,0,0,0
Cassyette,Sheffield Arena,Sheffield,19-Jan,2024,,Katrina,Support,,,0,0,0
Bad Omens,Sheffield Arena,Sheffield,19-Jan,2024,,Katrina,Support,,,0,0,0
Bring Me the Horizon,Sheffield Arena,Sheffield,19-Jan,2024,56.88,Katrina,,,,1,1,1
Mercury,Boom (Millwright Street),Leeds,05-Jan,2024,,Solo,Support,,,0,0,0
Blood Fury,Boom (Millwright Street),Leeds,05-Jan,2024,,Solo,Support,,,0,0,0
Static Dress,Boom (Millwright Street),Leeds,05-Jan,2024,14.5,Solo,,,,1,1,1
Josh Caffe,100 Club,London,22-Dec,2023,,Florian,Support,,,0,0,0
MADMADMAD,100 Club,London,22-Dec,2023,,Florian,Support,,,0,0,0
Warmduscher,100 Club,London,22-Dec,2023,32.76,Florian,,,,1,1,1
Vundabar,Kentish Town Forum,London,17-Dec,2023,,Solo,Support,,,0,0,0
The Front Bottoms,Kentish Town Forum,London,17-Dec,2023,41.1,Solo,,,,1,1,1
HEALTH,Wembley Arena,London,16-Dec,2023,,Katrina,Support,,,0,0,0
Sleep Token,Wembley Arena,London,16-Dec,2023,51.13,Katrina,,,,1,1,1
Fika,Oporto,Leeds,13-Dec,2023,,Katrina,Support,,,0,0,0
Big Special,Oporto,Leeds,13-Dec,2023,12,Katrina,,,,1,1,1
Trash Boat,York Barbican,York,11-Dec,2023,,Katrina,Support,,,0,0,0
Don Broco,York Barbican,York,11-Dec,2023,39.88,Katrina,,,,1,1,1
Spiritual Cramp,Brudenell Social Club (Main),Leeds,08-Dec,2023,,Solo,Support,,,0,0,0
Militarie Gun,Brudenell Social Club (Main),Leeds,08-Dec,2023,17.9,Solo,,,,1,1,1
Killing Me Softly,Warehouse Leeds,Leeds,30-Nov,2023,,Solo,Support,,,0,0,0
Loathe,Warehouse Leeds,Leeds,30-Nov,2023,23,Solo,,,,1,1,1
Sundara Karma,Leeds Beckett Students Union,Leeds,29-Nov,2023,22.75,Solo,,,,1,1,1
Dark Divine,Stylus,Leeds,25-Nov,2023,,Solo,Support,,,0,0,0
Thornhill,Stylus,Leeds,25-Nov,2023,,Solo,Support,,,0,0,0
Holding Absence,Stylus,Leeds,25-Nov,2023,21.85,Solo,,,,1,1,1
Softcult,Project House,Leeds,23-Nov,2023,,Solo,Support,,,0,0,0
Movements,Project House,Leeds,23-Nov,2023,18.55,Solo,,,,1,1,1
Thornhill,Manchester Ritz,Manchester,22-Nov,2023,,Solo,Support,,,0,0,0
Holding Absence,Manchester Ritz,Manchester,22-Nov,2023,23.3,Solo,,,,1,1,1
Brian Stone & The Masters Of None,Wroot Village Hall,Wroot,17-Nov,2023,,Katrina,Support,,,0,0,0
Tankus,Wroot Village Hall,Wroot,17-Nov,2023,18.97,Katrina,,,,1,1,1
Lau Noah,Grand Opera House,York,16-Nov,2023,,Katrina,Support,,,0,0,0
Tall Heights,Grand Opera House,York,16-Nov,2023,,Katrina,Support,,,0,0,0
Ben Folds,Grand Opera House,York,16-Nov,2023,52.25,Katrina,,,,1,1,1
Out of Luck,Islington Academy,London,15-Nov,2023,,Solo,Support,,,0,0,0
Bodyweb,Islington Academy,London,15-Nov,2023,,Solo,Support,,,0,0,0
World of Pleasure,Islington Academy,London,15-Nov,2023,,Solo,Support,,,0,0,0
Static Dress,Islington Academy,London,15-Nov,2023,20.75,Solo,,,,1,1,1
The Chats,Manchester Arena,Manchester,14-Nov,2023,,Katrina,Support,,,0,0,0
Queens of the Stone Age,Manchester Arena,Manchester,14-Nov,2023,66.23,Katrina,,,,1,1,1
Origami Angel,Leeds Beckett Students Union,Leeds,11-Nov,2023,,Solo,Support,,,0,0,0
The Wonder Years,Leeds Beckett Students Union,Leeds,11-Nov,2023,21.85,Solo,,,,1,1,1
Bodyweb,Key Club,Leeds,10-Nov,2023,,Solo,Support,,,0,0,0
World of Pleasure,Key Club,Leeds,10-Nov,2023,,Solo,Support,,,0,0,0
Static Dress,Key Club,Leeds,10-Nov,2023,16.9,Solo,,,,1,1,1
The Nightmares,Manchester Academy 1,Manchester,09-Nov,2023,,Katrina,Support,,,0,0,0
Save Face,Manchester Academy 1,Manchester,09-Nov,2023,,Katrina,Support,,,0,0,0
Creeper,Manchester Academy 1,Manchester,09-Nov,2023,29.98,Katrina,,,,1,1,1
Godcaster,Yes (Pink Room),Manchester,04-Nov,2023,,Katrina,Support,,,0,0,0
Model/Actriz,Yes (Pink Room),Manchester,04-Nov,2023,15.44,Katrina,,,,1,1,1
James And The Cold Gun,Leadmill,Sheffield,31-Oct,2023,,Katrina,Support,,,0,0,0
Tigercub,Leadmill,Sheffield,31-Oct,2023,15.4,Katrina,,,,1,1,1
Monuments,Leeds Academy,Leeds,23-Oct,2023,,Katrina,Support,,,0,0,0
As Everything Unfolds,Leeds Academy,Leeds,23-Oct,2023,,Katrina,Support,,,0,0,0
Electric Callboy,Leeds Academy,Leeds,23-Oct,2023,31.03,Katrina,,,,1,1,1
Creeper,Lafayette,London,15-Oct,2023,21.59,Katrina,,,,1,1,1
Creeper,Lafayette,London,15-Oct,2023,22.6,Katrina,,,,1,1,1
Mitsume,WWW X,Tokyo,22-Sep,2023,,Solo,Support,,,0,0,0
Origami Angel,WWW X,Tokyo,22-Sep,2023,,Solo,Support,,,0,0,0
Prince Daddy & The Hyena,WWW X,Tokyo,22-Sep,2023,,Solo,Support,,,0,0,0
oso oso,WWW X,Tokyo,22-Sep,2023,,Solo,Support,,,0,0,0
The Hotelier,WWW X,Tokyo,22-Sep,2023,47.31,Solo,,,,1,1,1
by the end of summer,MUSE,Kyoto,19-Sep,2023,,Katrina,Support,,,0,0,0
ANORAK!,MUSE,Kyoto,19-Sep,2023,,Katrina,Support,,,0,0,0
Origami Angel,MUSE,Kyoto,19-Sep,2023,,Katrina,Support,,,0,0,0
Prince Daddy & The Hyena,MUSE,Kyoto,19-Sep,2023,,Katrina,Support,,,0,0,0
oso oso,MUSE,Kyoto,19-Sep,2023,,Katrina,Support,,,0,0,0
The Hotelier,MUSE,Kyoto,19-Sep,2023,47.31,Katrina,,,,1,1,1
Congratulations,Key Club,Leeds,08-Sep,2023,,Katrina,Support,,,0,0,0
Demob Happy,Key Club,Leeds,08-Sep,2023,15.05,Katrina,,,,1,1,1
Royal Blood,Project House,Leeds,04-Sep,2023,25.24,Katrina,,,,1,1,1
Spanish Love Songs,Stylus,Leeds,01-Sep,2023,,Solo,Support,,,0,0,0
Hot Mulligan,Stylus,Leeds,01-Sep,2023,19.6,Solo,,,,1,1,1
Modern Woman,Belgrave Music Hall,Leeds,30-Aug,2023,,Katrina,Support,,,0,0,0
Ezra Furman,Belgrave Music Hall,Leeds,30-Aug,2023,22,Katrina,,,,1,1,1
Holding Absence,Crash Records,Leeds,29-Aug,2023,5,Solo,,,,1,1,1
Ethel Cain,Piece Hall,Halifax,22-Aug,2023,,"Sam Harper, Paddy",Support,,,0,0,0
boygenius,Piece Hall,Halifax,22-Aug,2023,50,"Sam Harper, Paddy",,,,1,1,1
Allora,The Wardrobe,Leeds,18-Aug,2023,,Katrina,Support,,,0,0,0
No Wukkas,The Wardrobe,Leeds,18-Aug,2023,,Katrina,Support,Yes,nw180823.jpg,0,0,0
Sisterly,The Wardrobe,Leeds,18-Aug,2023,8.45,Katrina,,,,1,1,1
Sobriquet,Boom (Millwright Street),Leeds,15-Aug,2023,,Katrina,Support,,,0,0,0
Love Rarely,Boom (Millwright Street),Leeds,15-Aug,2023,,Katrina,Support,,,0,0,0
The Callous Daoboys,Boom (Millwright Street),Leeds,15-Aug,2023,13.7,Katrina,,,,1,1,1
Thumpasaurus,Summerhall,Edinburgh,13-Aug,2023,16.43,Katrina,,,,1,1,1
Nothing But Thieves,Project House,Leeds,09-Aug,2023,26.73,Katrina,,,,1,1,1
Bonelang,The Black Heart,London,04-Aug,2023,,Katrina,Support,,,0,0,0
Hobo Johnson,The Black Heart,London,04-Aug,2023,28.75,Katrina,,,,1,1,1
Stewart Copeland,Piazza SS Annunziata,Florence,25-Jul,2023,44.17,Solo,,,,1,1,1
Alberta Cross,The Picturedrome,Holmfirth,17-Jul,2023,,Katrina,Support,,,0,0,0
Johnny Marr,The Picturedrome,Holmfirth,17-Jul,2023,34.18,Katrina,,,,1,1,1
Brand of Sacrifice,Roundhouse,London,13-Jul,2023,,Solo,Support,,,0,0,0
Loathe,Roundhouse,London,13-Jul,2023,,Solo,Support,,,0,0,0
Spiritbox,Roundhouse,London,13-Jul,2023,28.85,Solo,,,,1,1,1
Big Special,2000 Trees Festival,Upcote Farm,08-Jul,2023,,Katrina,Festival,Yes,bs080723.jpg,0,0,0
Modern Error,2000 Trees Festival,Upcote Farm,08-Jul,2023,,Katrina,Festival,,,0,0,0
High Vis,2000 Trees Festival,Upcote Farm,08-Jul,2023,,Katrina,Festival,,,0,0,0
Fleshwater,2000 Trees Festival,Upcote Farm,08-Jul,2023,,Katrina,Festival,,,0,0,0
DEAD POET SOCIETY,2000 Trees Festival,Upcote Farm,08-Jul,2023,,Katrina,Festival,,,0,0,0
Koyo,2000 Trees Festival,Upcote Farm,08-Jul,2023,,Katrina,Festival,,,0,0,0
Electric Six,2000 Trees Festival,Upcote Farm,08-Jul,2023,,Katrina,Festival,,,0,0,0
Demob Happy,2000 Trees Festival,Upcote Farm,08-Jul,2023,,Katrina,Festival,,,0,0,0
One Step Closer,2000 Trees Festival,Upcote Farm,08-Jul,2023,,Katrina,Festival,,,0,0,0
Holding Absence,2000 Trees Festival,Upcote Farm,08-Jul,2023,,Katrina,Festival,,,0,0,0
The Chisel,2000 Trees Festival,Upcote Farm,08-Jul,2023,,Katrina,Festival,,,0,0,0
Casey,2000 Trees Festival,Upcote Farm,08-Jul,2023,,Katrina,Festival,,,0,0,0
Lynks,2000 Trees Festival,Upcote Farm,08-Jul,2023,,Katrina,Festival,,,0,0,0
Hundred Reasons,2000 Trees Festival,Upcote Farm,08-Jul,2023,,Katrina,Festival,,,0,0,0
Jamie Lenman,2000 Trees Festival,Upcote Farm,08-Jul,2023,,Katrina,Festival,,,0,0,0
American Football,2000 Trees Festival,Upcote Farm,08-Jul,2023,41.88,Katrina,Festival,,,1,1,1
Love Is Noise,2000 Trees Festival,Upcote Farm,07-Jul,2023,,Katrina,Festival,,,0,0,0
RXPTRS,2000 Trees Festival,Upcote Farm,07-Jul,2023,,Katrina,Festival,,,0,0,0
Telltale,2000 Trees Festival,Upcote Farm,07-Jul,2023,,Katrina,Festival,,,0,0,0
Blackgold,2000 Trees Festival,Upcote Farm,07-Jul,2023,,Katrina,Festival,,,0,0,0
New Pagans,2000 Trees Festival,Upcote Farm,07-Jul,2023,,Katrina,Festival,,,0,0,0
Origami Angel,2000 Trees Festival,Upcote Farm,07-Jul,2023,,Katrina,Festival,,,0,0,0
Paledusk,2000 Trees Festival,Upcote Farm,07-Jul,2023,,Katrina,Festival,,,0,0,0
Joyce Manor,2000 Trees Festival,Upcote Farm,07-Jul,2023,,Katrina,Festival,,,0,0,0
Zulu,2000 Trees Festival,Upcote Farm,07-Jul,2023,,Katrina,Festival,,,0,0,0
Public Body,2000 Trees Festival,Upcote Farm,07-Jul,2023,,Katrina,Festival,,,0,0,0
Brutus,2000 Trees Festival,Upcote Farm,07-Jul,2023,,Katrina,Festival,,,0,0,0
Microwave,2000 Trees Festival,Upcote Farm,07-Jul,2023,,Katrina,Festival,,,0,0,0
Gurriers,2000 Trees Festival,Upcote Farm,07-Jul,2023,,Katrina,Festival,,,0,0,0
Kublai Khan TX,2000 Trees Festival,Upcote Farm,07-Jul,2023,,Katrina,Festival,,,0,0,0
Hell Is For Heroes,2000 Trees Festival,Upcote Farm,07-Jul,2023,,Katrina,Festival,,,0,0,0
As Everything Unfolds,2000 Trees Festival,Upcote Farm,07-Jul,2023,,Katrina,Festival,,,0,0,0
Dinosaur Pile-Up,2000 Trees Festival,Upcote Farm,07-Jul,2023,,Katrina,Festival,,,0,0,0
Empire State Bastard,2000 Trees Festival,Upcote Farm,07-Jul,2023,,Katrina,Festival,,,0,0,0
De Staat,2000 Trees Festival,Upcote Farm,07-Jul,2023,,Katrina,Festival,,,0,0,0
Rival Schools,2000 Trees Festival,Upcote Farm,07-Jul,2023,,Katrina,Festival,,,0,0,0
Bullet for My Valentine,2000 Trees Festival,Upcote Farm,07-Jul,2023,41.87,Katrina,Festival,,,1,1,1
Profiler,2000 Trees Festival,Upcote Farm,06-Jul,2023,,Katrina,Festival,,,0,0,0
Exit Child,2000 Trees Festival,Upcote Farm,06-Jul,2023,,Katrina,Festival,,,0,0,0
Cage Fight,2000 Trees Festival,Upcote Farm,06-Jul,2023,,Katrina,Festival,,,0,0,0
Gaffa Tape Sandy,2000 Trees Festival,Upcote Farm,06-Jul,2023,,Katrina,Festival,,,0,0,0
Five Lines,2000 Trees Festival,Upcote Farm,06-Jul,2023,,Katrina,Festival,,,0,0,0
Aaron West,2000 Trees Festival,Upcote Farm,06-Jul,2023,,Katrina,Festival,,,0,0,0
Unpeople,2000 Trees Festival,Upcote Farm,06-Jul,2023,,Katrina,Festival,Yes,up060723.jpg,0,0,0
Kid Kapichi,2000 Trees Festival,Upcote Farm,06-Jul,2023,,Katrina,Festival,,,0,0,0
Bob Vylan,2000 Trees Festival,Upcote Farm,06-Jul,2023,,Katrina,Festival,,,0,0,0
No Devotion,2000 Trees Festival,Upcote Farm,06-Jul,2023,,Katrina,Festival,,,0,0,0
The Wonder Years,2000 Trees Festival,Upcote Farm,06-Jul,2023,,Katrina,Festival,,,0,0,0
Bat Sabbath,2000 Trees Festival,Upcote Farm,06-Jul,2023,,Katrina,Festival,,,0,0,0
Funke and the Two Tone Baby,2000 Trees Festival,Upcote Farm,06-Jul,2023,,Katrina,Festival,,,0,0,0
Skindred,2000 Trees Festival,Upcote Farm,06-Jul,2023,,Katrina,Festival,,,0,0,0
Soft Play,2000 Trees Festival,Upcote Farm,06-Jul,2023,41.87,Katrina,Festival,,,1,1,1
Delaire The Liar,2000 Trees Festival,Upcote Farm,05-Jul,2023,,Katrina,Festival,,,0,0,0
Press to Meco,2000 Trees Festival,Upcote Farm,05-Jul,2023,,Katrina,Festival,,,0,0,0
SNAYX,2000 Trees Festival,Upcote Farm,05-Jul,2023,,Katrina,Festival,,,0,0,0
Tigercub,2000 Trees Festival,Upcote Farm,05-Jul,2023,,Katrina,Festival,,,0,0,0
Haggard Cat,2000 Trees Festival,Upcote Farm,05-Jul,2023,,Katrina,Festival,,,0,0,0
Bob Vylan,2000 Trees Festival,Upcote Farm,05-Jul,2023,,Katrina,Festival,,,0,0,0
Holding Absence,2000 Trees Festival,Upcote Farm,05-Jul,2023,41.88,Katrina,Festival,,,1,1,1
Spoon,Manchester Arena,Manchester,22-Jun,2023,,Katrina,Support,,,0,0,0
The Black Keys,Manchester Arena,Manchester,22-Jun,2023,54.58,Katrina,,,,1,1,1
Coach Party,Piece Hall,Halifax,20-Jun,2023,,Solo,Support,,,0,0,0
Queens of the Stone Age,Piece Hall,Halifax,20-Jun,2023,51.13,Solo,,,,1,1,1
Redwood,Key Club,Leeds,18-Jun,2023,,Katrina,Support,,,0,0,0
The Dear Hunter,Key Club,Leeds,18-Jun,2023,17,Katrina,,,,1,1,1
Teri Gender Bender,Manchester Apollo,Manchester,17-Jun,2023,,Katrina,Support,,,0,0,0
The Mars Volta,Manchester Apollo,Manchester,17-Jun,2023,54.23,Katrina,,Yes,mv170623.jpg,1,1,1
Tenacious D,Millenium Dome,London,16-Jun,2023,57.75,"Katrina, Richard",,,,1,1,1
MAKENESS,Manchester Albert Hall,Manchester,15-Jun,2023,,Katrina,Support,,,0,0,0
Unknown Mortal Orchestra,Manchester Albert Hall,Manchester,15-Jun,2023,29.85,Katrina,,,,1,1,1
Lorna Shore,Download Festival,Donington Park,11-Jun,2023,,Katrina,Festival,,,0,0,0
Soul Glo,Download Festival,Donington Park,11-Jun,2023,,Katrina,Festival,,,0,0,0
Avatar,Download Festival,Donington Park,11-Jun,2023,,Katrina,Festival,,,0,0,0
Behemoth,Download Festival,Donington Park,11-Jun,2023,,Katrina,Festival,,,0,0,0
Sim,Download Festival,Donington Park,11-Jun,2023,,Katrina,Festival,,,0,0,0
Dinosaur Pile-Up,Download Festival,Donington Park,11-Jun,2023,,Katrina,Festival,,,0,0,0
Palaye Royale,Download Festival,Donington Park,11-Jun,2023,,Katrina,Festival,,,0,0,0
I Prevail,Download Festival,Donington Park,11-Jun,2023,,Katrina,Festival,,,0,0,0
Parkway Drive,Download Festival,Donington Park,11-Jun,2023,,Katrina,Festival,,,0,0,0
Bad Religion,Download Festival,Donington Park,11-Jun,2023,,Katrina,Festival,,,0,0,0
Set It Off,Download Festival,Donington Park,11-Jun,2023,,Katrina,Festival,,,0,0,0
Jazmin Bean,Download Festival,Donington Park,11-Jun,2023,,Katrina,Festival,,,0,0,0
Beauty School,Download Festival,Donington Park,11-Jun,2023,,Katrina,Festival,,,0,0,0
Touche Amore,Download Festival,Donington Park,11-Jun,2023,,Katrina,Festival,,,0,0,0
Ghost,Download Festival,Donington Park,11-Jun,2023,,Katrina,Festival,,,0,0,0
Slipknot,Download Festival,Donington Park,11-Jun,2023,67.4,Katrina,Festival,,,1,1,1
Motionless in White,Download Festival,Donington Park,10-Jun,2023,,Katrina,Festival,,,0,0,0
Disturbed,Download Festival,Donington Park,10-Jun,2023,,Katrina,Festival,,,0,0,0
Alexisonfire,Download Festival,Donington Park,10-Jun,2023,,Katrina,Festival,,,0,0,0
Clutch,Download Festival,Donington Park,10-Jun,2023,,Katrina,Festival,,,0,0,0
Ice Nine Kills,Download Festival,Donington Park,10-Jun,2023,,Katrina,Festival,,,0,0,0
FEVER 333,Download Festival,Donington Park,10-Jun,2023,,Katrina,Festival,,,0,0,0
Polaris,Download Festival,Donington Park,10-Jun,2023,,Katrina,Festival,,,0,0,0
Static Dress,Download Festival,Donington Park,10-Jun,2023,,Katrina,Festival,,,0,0,0
Rituals,Download Festival,Donington Park,10-Jun,2023,,Katrina,Festival,,,0,0,0
Lake Malice,Download Festival,Donington Park,10-Jun,2023,,Katrina,Festival,,,0,0,0
Bob Vylan,Download Festival,Donington Park,10-Jun,2023,,Katrina,Festival,,,0,0,0
Deaf Havana,Download Festival,Donington Park,10-Jun,2023,,Katrina,Festival,,,0,0,0
GWAR,Download Festival,Donington Park,10-Jun,2023,,Katrina,Festival,,,0,0,0
Placebo,Download Festival,Donington Park,10-Jun,2023,,Katrina,Festival,,,0,0,0
Creeper,Download Festival,Donington Park,10-Jun,2023,,Katrina,Festival,Yes,cr100623.jpg,0,0,0
Coheed and Cambria,Download Festival,Donington Park,10-Jun,2023,,Katrina,Festival,,,0,0,0
Metallica,Download Festival,Donington Park,10-Jun,2023,67.4,Katrina,Festival,,,1,1,1
Pupil Slicer,Download Festival,Donington Park,09-Jun,2023,,Katrina,Festival,,,0,0,0
Stand Atlantic,Download Festival,Donington Park,09-Jun,2023,,Katrina,Festival,,,0,0,0
Witch Fever,Download Festival,Donington Park,09-Jun,2023,,Katrina,Festival,,,0,0,0
Nova Twins,Download Festival,Donington Park,09-Jun,2023,,Katrina,Festival,,,0,0,0
Hot Milk,Download Festival,Donington Park,09-Jun,2023,,Katrina,Festival,,,0,0,0
Elvana,Download Festival,Donington Park,09-Jun,2023,,Katrina,Festival,,,0,0,0
Demob Happy,Download Festival,Donington Park,09-Jun,2023,,Katrina,Festival,,,0,0,0
Asking Alexandria,Download Festival,Donington Park,09-Jun,2023,,Katrina,Festival,,,0,0,0
Pendulum,Download Festival,Donington Park,09-Jun,2023,,Katrina,Festival,,,0,0,0
The Blackout,Download Festival,Donington Park,09-Jun,2023,,Katrina,Festival,,,0,0,0
Within Temptation,Download Festival,Donington Park,09-Jun,2023,,Katrina,Festival,,,0,0,0
Architects,Download Festival,Donington Park,09-Jun,2023,,Katrina,Festival,,,0,0,0
Empire State Bastard,Download Festival,Donington Park,09-Jun,2023,,Katrina,Festival,,,0,0,0
PUP,Download Festival,Donington Park,09-Jun,2023,,Katrina,Festival,,,0,0,0
VV,Download Festival,Donington Park,09-Jun,2023,,Katrina,Festival,,,0,0,0
Carpenter Brut,Download Festival,Donington Park,09-Jun,2023,,Katrina,Festival,,,0,0,0
Evanescence,Download Festival,Donington Park,09-Jun,2023,,Katrina,Festival,,,0,0,0
Bring Me the Horizon,Download Festival,Donington Park,09-Jun,2023,67.4,Katrina,Festival,,,1,1,1
Fearless Vampire Killers,Download Festival,Donington Park,08-Jun,2023,,Katrina,Festival,,,0,0,0
Jinjer,Download Festival,Donington Park,08-Jun,2023,,Katrina,Festival,,,0,0,0
A.A. Williams,Download Festival,Donington Park,08-Jun,2023,,Katrina,Festival,,,0,0,0
Haken,Download Festival,Donington Park,08-Jun,2023,,Katrina,Festival,,,0,0,0
Puscifer,Download Festival,Donington Park,08-Jun,2023,,Katrina,Festival,,,0,0,0
Halestorm,Download Festival,Donington Park,08-Jun,2023,,Katrina,Festival,,,0,0,0
Alter Bridge,Download Festival,Donington Park,08-Jun,2023,,Katrina,Festival,,,0,0,0
Perturbator,Download Festival,Donington Park,08-Jun,2023,,Katrina,Festival,,,0,0,0
Skindred,Download Festival,Donington Park,08-Jun,2023,,Katrina,Festival,,,0,0,0
Metallica,Download Festival,Donington Park,08-Jun,2023,67.4,Katrina,Festival,,,1,1,1
Elton John,Leeds Arena,Leeds,06-Jun,2023,197.22,Katrina,,,,1,1,1
SKYND,Manchester Academy 1,Manchester,04-Jun,2023,,Katrina,Support,,,0,0,0
Ice Nine Kills,Manchester Academy 1,Manchester,04-Jun,2023,24.56,Katrina,,,,1,1,1
The Hives,Old Trafford,Manchester,02-Jun,2023,,Katrina,Support,,,0,0,0
Arctic Monkeys,Old Trafford,Manchester,02-Jun,2023,80.5,Katrina,,,,1,1,1
Tchotchke,New Century Hall,Manchester,31-May,2023,,Katrina,Support,,,0,0,0
The Lemon Twigs,New Century Hall,Manchester,31-May,2023,20.38,Katrina,,Yes,lt310523.jpg,1,1,1
Demob Happy,Vinyl Whistle,Leeds,30-May,2023,6,Katrina,,,,1,1,1
Snake Eyes,The Garage,London,29-May,2023,,Solo,Support,,,0,0,0
Trophy Eyes,The Garage,London,29-May,2023,21,Solo,,Yes,te290523.jpg,1,1,1
Sincere Engineer,Slam Dunk Festival North,Leeds,28-May,2023,,Katrina,Festival,,,0,0,0
Millie Manders and The Shutup,Slam Dunk Festival North,Leeds,28-May,2023,,Katrina,Festival,,,0,0,0
Destroy Boys,Slam Dunk Festival North,Leeds,28-May,2023,,Katrina,Festival,,,0,0,0
Teenage Bottlerocket,Slam Dunk Festival North,Leeds,28-May,2023,,Katrina,Festival,,,0,0,0
Movements,Slam Dunk Festival North,Leeds,28-May,2023,,Katrina,Festival,,,0,0,0
Hawthorne Heights,Slam Dunk Festival North,Leeds,28-May,2023,,Katrina,Festival,,,0,0,0
Spanish Love Songs,Slam Dunk Festival North,Leeds,28-May,2023,,Katrina,Festival,,,0,0,0
Holding Absence,Slam Dunk Festival North,Leeds,28-May,2023,,Katrina,Festival,,,0,0,0
Flogging Molly,Slam Dunk Festival North,Leeds,28-May,2023,,Katrina,Festival,,,0,0,0
Static Dress,Slam Dunk Festival North,Leeds,28-May,2023,,Katrina,Festival,,,0,0,0
Wargasm,Slam Dunk Festival North,Leeds,28-May,2023,,Katrina,Festival,,,0,0,0
Gogol Bordello,Slam Dunk Festival North,Leeds,28-May,2023,,Katrina,Festival,,,0,0,0
Boston Manor,Slam Dunk Festival North,Leeds,28-May,2023,,Katrina,Festival,,,0,0,0
The Menzingers,Slam Dunk Festival North,Leeds,28-May,2023,,Katrina,Festival,,,0,0,0
Bowling For Soup,Slam Dunk Festival North,Leeds,28-May,2023,,Katrina,Festival,,,0,0,0
Less Than Jake,Slam Dunk Festival North,Leeds,28-May,2023,,Katrina,Festival,,,0,0,0
PVRIS,Slam Dunk Festival North,Leeds,28-May,2023,,Katrina,Festival,,,0,0,0
Creeper,Slam Dunk Festival North,Leeds,28-May,2023,,Katrina,Festival,,,0,0,0
Billy Talent,Slam Dunk Festival North,Leeds,28-May,2023,,Katrina,Festival,,,0,0,0
Malevolence,Slam Dunk Festival North,Leeds,28-May,2023,,Katrina,Festival,,,0,0,0
The Offspring,Slam Dunk Festival North,Leeds,28-May,2023,,Katrina,Festival,,,0,0,0
Enter Shikari,Slam Dunk Festival North,Leeds,28-May,2023,88.15,Katrina,Festival,,,1,1,1
Sincere Engineer,Slam Dunk Festival South,Hatfield,27-May,2023,,Solo,Festival,,,0,0,0
Heriot,Slam Dunk Festival South,Hatfield,27-May,2023,,Solo,Festival,,,0,0,0
Youth Fountain,Slam Dunk Festival South,Hatfield,27-May,2023,,Solo,Festival,,,0,0,0
Emarosa,Slam Dunk Festival South,Hatfield,27-May,2023,,Solo,Festival,,,0,0,0
SeeYouSpaceCowboy…,Slam Dunk Festival South,Hatfield,27-May,2023,,Solo,Festival,,,0,0,0
Movements,Slam Dunk Festival South,Hatfield,27-May,2023,,Solo,Festival,,,0,0,0
Hawthorne Heights,Slam Dunk Festival South,Hatfield,27-May,2023,,Solo,Festival,,,0,0,0
Spanish Love Songs,Slam Dunk Festival South,Hatfield,27-May,2023,,Solo,Festival,,,0,0,0
Holding Absence,Slam Dunk Festival South,Hatfield,27-May,2023,,Solo,Festival,,,0,0,0
Fireworks,Slam Dunk Festival South,Hatfield,27-May,2023,,Solo,Festival,,,0,0,0
Static Dress,Slam Dunk Festival South,Hatfield,27-May,2023,,Solo,Festival,,,0,0,0
Wargasm,Slam Dunk Festival South,Hatfield,27-May,2023,,Solo,Festival,,,0,0,0
Gogol Bordello,Slam Dunk Festival South,Hatfield,27-May,2023,,Solo,Festival,,,0,0,0
Boston Manor,Slam Dunk Festival South,Hatfield,27-May,2023,,Solo,Festival,,,0,0,0
Four Year Strong,Slam Dunk Festival South,Hatfield,27-May,2023,,Solo,Festival,,,0,0,0
The Menzingers,Slam Dunk Festival South,Hatfield,27-May,2023,,Solo,Festival,Yes,mz270523.jpg,0,0,0
The Academy Is…,Slam Dunk Festival South,Hatfield,27-May,2023,,Solo,Festival,,,0,0,0
Creeper,Slam Dunk Festival South,Hatfield,27-May,2023,,Solo,Festival,Yes,cr270523.jpg,0,0,0
Billy Talent,Slam Dunk Festival South,Hatfield,27-May,2023,,Solo,Festival,,,0,0,0
The Hunna,Slam Dunk Festival South,Hatfield,27-May,2023,,Solo,Festival,,,0,0,0
Malevolence,Slam Dunk Festival South,Hatfield,27-May,2023,,Solo,Festival,,,0,0,0
Enter Shikari,Slam Dunk Festival South,Hatfield,27-May,2023,88.15,Solo,Festival,,,1,1,1
Scene Queen,Wembley Arena,London,26-May,2023,,Solo,Support,,,0,0,0
Loathe,Wembley Arena,London,26-May,2023,,Solo,Support,,,0,0,0
VUKOVI,Wembley Arena,London,26-May,2023,,Solo,Support,,,0,0,0
Underoath,Wembley Arena,London,26-May,2023,,Solo,Support,,,0,0,0
Halestorm,Wembley Arena,London,26-May,2023,,Solo,Support,,,0,0,0
Creeper,Wembley Arena,London,26-May,2023,,Solo,Support,,,0,0,0
Boston Manor,Wembley Arena,London,26-May,2023,25,Solo,,,,1,1,1
Voka Gentle,The Lexington,London,25-May,2023,,Solo,Support,,,0,0,0
Model/Actriz,The Lexington,London,25-May,2023,13.2,Solo,,Yes,ma250523.jpg,1,1,1
AJJ,Paramount,Huntingdon,20-May,2023,,Katrina,Support,,,0,0,0
The Front Bottoms,Paramount,Huntingdon,20-May,2023,44.65,Katrina,,,,1,1,1
Laura Wolf,Elsewhere,New York City,18-May,2023,,Katrina,Support,,,0,0,0
Childish Japes,Elsewhere,New York City,18-May,2023,,Katrina,Support,,,0,0,0
Bent Knee,Elsewhere,New York City,18-May,2023,16.53,Katrina,,,,1,1,1
Yard Act,Brudenell Social Club (Main),Leeds,12-May,2023,22.3,Solo,,,,1,1,1
Love Is Noise,Leeds Beckett Students Union,Leeds,11-May,2023,,Solo,Support,,,0,0,0
Acres,Leeds Beckett Students Union,Leeds,11-May,2023,,Solo,Support,,,0,0,0
Dayseeker,Leeds Beckett Students Union,Leeds,11-May,2023,16.9,Solo,,,,1,1,1
Yard Act,Brudenell Social Club (Main),Leeds,10-May,2023,22.3,Dylan,,,,1,1,1
Yard Act,Brudenell Social Club (Main),Leeds,08-May,2023,22.3,Katrina,,,,1,1,1
Tapir,Leeds Irish Centre,Leeds,03-May,2023,,Solo,Support,,,0,0,0
"Black Country, New Road",Leeds Irish Centre,Leeds,03-May,2023,30,Solo,,,,1,1,1
Oakman,Satan's Hollow,Manchester,27-Apr,2023,,Katrina,Support,,,0,0,0
Modern Error,Satan's Hollow,Manchester,27-Apr,2023,,Katrina,Support,,,0,0,0
Delaire The Liar,Satan's Hollow,Manchester,27-Apr,2023,15.4,Katrina,,,,1,1,1
Oakman,Boston Music Room,London,26-Apr,2023,,Solo,Support,,,0,0,0
Modern Error,Boston Music Room,London,26-Apr,2023,,Solo,Support,,,0,0,0
Delaire The Liar,Boston Music Room,London,26-Apr,2023,17.5,Solo,,Yes,dl270423.jpg,1,1,1
Áine Deane,Electric Ballroom,London,25-Apr,2023,,Solo,Support,,,0,0,0
Hozier,Electric Ballroom,London,25-Apr,2023,35.25,Solo,,,,1,1,1
Arm's Length,Key Club,Leeds,23-Apr,2023,,Solo,Support,,,0,0,0
Hot Mulligan,Key Club,Leeds,23-Apr,2023,17.5,Solo,,,,1,1,1
Surface Waves,Boom (Millwright Street),Leeds,21-Apr,2023,,Katrina,Support,,,0,0,0
The Nightmares,Boom (Millwright Street),Leeds,21-Apr,2023,,Katrina,Support,,,0,0,0
Miss Vincent,Boom (Millwright Street),Leeds,21-Apr,2023,9.3,Katrina,,,,1,1,1
Safe At Any Speed,The Wardrobe,Leeds,19-Apr,2023,,"Katrina, Dylan",,,,0,0,0
Stone,The Wardrobe,Leeds,19-Apr,2023,13.38,"Katrina, Dylan",,,,1,1,1
The St Pierre Snake Invasion,Brudenell Social Club (Main),Leeds,15-Apr,2023,,Katrina,Support,,,0,0,0
The Guru Guru,Brudenell Social Club (Main),Leeds,15-Apr,2023,,Katrina,Support,Yes,gg180423.jpg,0,0,0
Jamie Lenman,Brudenell Social Club (Main),Leeds,15-Apr,2023,20.1,Katrina,,Yes,jl180423.jpg,1,1,1
Pool Kids,Brudenell Social Club (Main),Leeds,14-Apr,2023,,Solo,Support,,,0,0,0
Oceanator,Brudenell Social Club (Main),Leeds,14-Apr,2023,,Solo,Support,,,0,0,0
La Dispute,Brudenell Social Club (Main),Leeds,14-Apr,2023,21.5,Solo,,,,1,1,1
Kkett,The Cluny,Newcastle,07-Apr,2023,,Katrina,Support,Yes,kk070423.jpg,0,0,0
YOURCODENAMEIS:MILO,The Cluny,Newcastle,07-Apr,2023,16.75,Katrina,,Yes,ym070423.jpg,1,1,1
Tay Oskee,Leeds Beckett Students Union,Leeds,04-Apr,2023,,Katrina,Support,,,0,0,0
The Cat Empire,Leeds Beckett Students Union,Leeds,04-Apr,2023,31.97,Katrina,,Yes,ce040423.jpg,1,1,1
Heartworms,Foundry,Sheffield,02-Apr,2023,,Katrina,Support,,,0,0,0
Black Honey,Foundry,Sheffield,02-Apr,2023,14.3,Katrina,,,,1,1,1
Dance Gavin Dance,Leeds Arena,Leeds,23-Mar,2023,,Solo,Support,,,0,0,0
Papa Roach,Leeds Arena,Leeds,23-Mar,2023,,Solo,Support,,,0,0,0
Don Broco,Leeds Arena,Leeds,23-Mar,2023,55.25,Solo,,,,1,1,1
Charming Liars,Stylus,Leeds,16-Mar,2023,,Katrina,Support,,,0,0,0
Static Dress,Stylus,Leeds,16-Mar,2023,,Katrina,Support,,,0,0,0
Sleeping With Sirens,Stylus,Leeds,16-Mar,2023,29.85,Katrina,,,,1,1,1
Fall Out Boy,Band On The Wall,Manchester,15-Mar,2023,56.98,Katrina,,,,1,1,1
As Everything Unfolds,New Century Hall,Manchester,14-Mar,2023,,Solo,Support,,,0,0,0
Enter Shikari,New Century Hall,Manchester,14-Mar,2023,30.8,Solo,,,,1,1,1
Invent Animate,Stylus,Leeds,11-Mar,2023,,Solo,Support,,,0,0,0
Silent Planet,Stylus,Leeds,11-Mar,2023,,Solo,Support,,,0,0,0
ERRA,Stylus,Leeds,11-Mar,2023,20,Solo,,,,1,1,1
Panic! at the Disco,Manchester Arena,Manchester,10-Mar,2023,64.13,Katrina,,,,1,1,1
Guise,The Crescent,York,08-Mar,2023,,"Dylan, Amy",Support,,,0,0,0
Beans On Toast,The Crescent,York,08-Mar,2023,18.15,"Dylan, Amy",,,,1,1,1
Lewis Sallows,Piano Smithfield,London,01-Mar,2023,13.52,Katrina,,,,1,1,1
Circe,Brudenell Social Club (Main),Leeds,23-Feb,2023,,Katrina,Support,,,0,0,0
VLURE,Brudenell Social Club (Main),Leeds,23-Feb,2023,,Katrina,Support,,,0,0,0
Lynks,Brudenell Social Club (Main),Leeds,23-Feb,2023,14.05,Katrina,,,,1,1,1
Sarah Armitage,The Crescent,York,21-Feb,2023,,Katrina,Support,,,0,0,0
She Drew the Gun,The Crescent,York,21-Feb,2023,14.3,Katrina,,,,1,1,1
Lumer,Stylus,Leeds,20-Feb,2023,,Solo,Support,,,0,0,0
The Murder Capital,Stylus,Leeds,20-Feb,2023,16.5,Solo,,,,1,1,1
The Rock Orchestra by Candlelight,Edinburgh Playhouse,Edinburgh,18-Feb,2023,44,"Katrina, Richard, Morag",,,,1,1,1
Blackout Problems,New Century Hall,Manchester,16-Feb,2023,,Katrina,Support,,,0,0,0
Noahfinnce,New Century Hall,Manchester,16-Feb,2023,,Katrina,Support,,,0,0,0
Enter Shikari,New Century Hall,Manchester,16-Feb,2023,30.8,Katrina,,,,1,1,1
Beauty School,Stylus,Leeds,06-Feb,2023,,Solo,Support,,,0,0,0
oso oso,Stylus,Leeds,06-Feb,2023,,Solo,Support,,,0,0,0
Mom Jeans.,Stylus,Leeds,06-Feb,2023,20.1,Solo,,,,1,1,1
Ali Horn,The Parish,Huddersfield,04-Feb,2023,,Katrina,Support,,,0,0,0
Red Rum Club,The Parish,Huddersfield,04-Feb,2023,17,Katrina,,,,1,1,1
Lottery Winners,York Barbican,York,31-Jan,2023,,Solo,Support,,,0,0,0
Frank Turner,York Barbican,York,31-Jan,2023,40.3,Solo,,,,1,1,1
Kayleigh Goldsworthy,Manchester Club Academy,Manchester,29-Jan,2023,,Katrina,Support,,,0,0,0
L.S. Dunes,Manchester Club Academy,Manchester,29-Jan,2023,26,Katrina,,,,1,1,1
Joe Appleford,Brickyard,Carlisle,27-Jan,2023,,Katrina,Support,,,0,0,0
Void of Vision,Brickyard,Carlisle,27-Jan,2023,,Katrina,Support,,,0,0,0
Holding Absence,Brickyard,Carlisle,27-Jan,2023,17.5,Katrina,,,,1,1,1
Void of Vision,Welly 2,Hull,26-Jan,2023,,Solo,Support,,,0,0,0
Holding Absence,Welly 2,Hull,26-Jan,2023,16.5,Solo,,,,1,1,1
Gold Bloom,Independent,Sunderland,24-Jan,2023,,Solo,Support,,,0,0,0
Void of Vision,Independent,Sunderland,24-Jan,2023,,Solo,Support,,,0,0,0
Holding Absence,Independent,Sunderland,24-Jan,2023,17.62,Solo,,,,1,1,1
Modern Error,The Drill,Lincoln,22-Jan,2023,,Solo,Support,,,0,0,0
Void of Vision,The Drill,Lincoln,22-Jan,2023,,Solo,Support,,,0,0,0
Holding Absence,The Drill,Lincoln,22-Jan,2023,17.5,Solo,,,,1,1,1
Northlane,Manchester Albert Hall,Manchester,19-Jan,2023,,Solo,Support,,,0,0,0
Sleep Token,Manchester Albert Hall,Manchester,19-Jan,2023,31.25,Solo,,,,1,1,1
Eidola,Stylus,Leeds,17-Jan,2023,,Katrina,Support,,,0,0,0
Rain City Drive,Stylus,Leeds,17-Jan,2023,,Katrina,Support,,,0,0,0
Dance Gavin Dance,Stylus,Leeds,17-Jan,2023,19.8,Katrina,,,,1,1,1
Eidola,Manchester Ritz,Manchester,15-Jan,2023,,Solo,Support,,,0,0,0
Rain City Drive,Manchester Ritz,Manchester,15-Jan,2023,,Solo,Support,,,0,0,0
Dance Gavin Dance,Manchester Ritz,Manchester,15-Jan,2023,26.5,Solo,,,,1,1,1
Heartsink,The Parish,Huddersfield,15-Dec,2022,,Katrina,Support,,,0,0,0
Calva Louise,The Parish,Huddersfield,15-Dec,2022,,Katrina,Support,,,0,0,0
Boston Manor,The Parish,Huddersfield,15-Dec,2022,19.75,Katrina,,,,1,1,1
Miss Vincent,Joiners,Southampton,10-Dec,2022,,Katrina,Support,,,0,0,0
Our Time Down Here,Joiners,Southampton,10-Dec,2022,16.5,Katrina,,,,1,1,1
Phoebe Bridgers,Wembley Arena,London,09-Dec,2022,,Katrina,Nightmare Before Xmas,,,0,0,0
Danny Elfman,Wembley Arena,London,09-Dec,2022,70,Katrina,Nightmare Before Xmas,,,1,1,1
Against the Current,Manchester Academy 1,Manchester,08-Dec,2022,,Katrina,Support,,,0,0,0
Pierce the Veil,Manchester Academy 1,Manchester,08-Dec,2022,35.18,Katrina,,,,1,1,1
King Nun,Stylus,Leeds,30-Nov,2022,,Katrina,Support,,,0,0,0
The HU,Stylus,Leeds,30-Nov,2022,26.56,Katrina,,,,1,1,1
DEAD POET SOCIETY,Key Club,Leeds,27-Nov,2022,,Katrina,Support,,,0,0,0
Badflower,Key Club,Leeds,27-Nov,2022,21.05,Katrina,,,,1,1,1
black midi,Brudenell Social Club (Main),Leeds,26-Nov,2022,13.5,Katrina,,,,1,1,1
Spielmann,Leeds Academy,Leeds,24-Nov,2022,,Katrina,Support,,,0,0,0
Acid Klaus,Leeds Academy,Leeds,24-Nov,2022,,Katrina,Support,,,0,0,0
Yard Act,Leeds Academy,Leeds,24-Nov,2022,18.24,Katrina,,,,1,1,1
Sisterly,Brudenell Social Club (Main),Leeds,23-Nov,2022,,Katrina,Support,,,0,0,0
No Wukkas,Brudenell Social Club (Main),Leeds,23-Nov,2022,,Katrina,Support,Yes,nw231122.jpg,0,0,0
Fizzy Blood,Brudenell Social Club (Main),Leeds,23-Nov,2022,10.95,Katrina,,Yes,fb231122.jpg,1,1,1
The Story So Far,Manchester Academy 1,Manchester,22-Nov,2022,,Henry,Support,,,0,0,0
Rise Against,Manchester Academy 1,Manchester,22-Nov,2022,39.88,Henry,,,,1,1,1
Beauty School,Stylus,Leeds,15-Nov,2022,,Solo,,,,0,0,0
Save Face,Stylus,Leeds,15-Nov,2022,,Solo,,,,0,0,0
The Wonder Years,Stylus,Leeds,15-Nov,2022,21.3,Solo,,,,1,1,1
Lizzy Farrall,Stylus,Leeds,14-Nov,2022,,Katrina,Support,,,0,0,0
Weathers,Stylus,Leeds,14-Nov,2022,,Katrina,Support,,,0,0,0
Cemetery Sun,Stylus,Leeds,14-Nov,2022,,Katrina,Support,,,0,0,0
Set It Off,Stylus,Leeds,14-Nov,2022,16.15,Katrina,,Yes,so141122.jpg,1,1,1
86TVs,Leeds Academy,Leeds,12-Nov,2022,,Solo,Support,,,0,0,0
Jamie T,Leeds Academy,Leeds,12-Nov,2022,45.26,Solo,,Yes,jt121122.jpg,1,1,1
Porcupine Tree,Wembley Arena,London,11-Nov,2022,48,Katrina,,,,1,1,1
Architects,Leeds Arena,Leeds,05-Nov,2022,,Solo,Support,,,0,0,0
Biffy Clyro,Leeds Arena,Leeds,05-Nov,2022,66.2,Solo,,,,1,1,1
Zetra,Roundhouse,London,04-Nov,2022,,Katrina,Support,,,0,0,0
Bad Nerves,Roundhouse,London,04-Nov,2022,,Katrina,Support,,,0,0,0
Creeper,Roundhouse,London,04-Nov,2022,28.18,Katrina,,,,1,1,1
The Throwaway Scene,Satan's Hollow,Manchester,27-Oct,2022,,Katrina,Support,,,0,0,0
Your Misery,Satan's Hollow,Manchester,27-Oct,2022,,Katrina,Support,,,0,0,0
Love Is Noise,Satan's Hollow,Manchester,27-Oct,2022,11.75,Katrina,,Yes,ln271022.jpg,1,1,1
Carm,Leeds Arena,Leeds,19-Oct,2022,,Solo,Support,,,0,0,0
Bon Iver,Leeds Arena,Leeds,19-Oct,2022,43.05,Solo,,,,1,1,1
Higher Power,Manchester Academy 1,Manchester,16-Oct,2022,,Solo,Support,,,0,0,0
Boston Manor,Manchester Academy 1,Manchester,16-Oct,2022,,Solo,Support,Yes,bm161022.jpg,0,0,0
Alexisonfire,Manchester Academy 1,Manchester,16-Oct,2022,28.25,Solo,,Yes,af161022.jpg,1,1,1
Boston Manor,HMV Manchester,Manchester,16-Oct,2022,19.49,Katrina,,,,1,1,1
Touche Amore,Birmingham Academy,Birmingham,15-Oct,2022,,Katrina,Support,,,0,0,0
Thrice,Birmingham Academy,Birmingham,15-Oct,2022,,Katrina,Support,,,0,0,0
Coheed and Cambria,Birmingham Academy,Birmingham,15-Oct,2022,43.68,Katrina,,Yes,cc151022.jpg,1,1,1
New York Brass Band,The Crescent,York,13-Oct,2022,,Katrina,Support,Yes,yb131022.jpg,0,0,0
Tankus,The Crescent,York,13-Oct,2022,16.5,Katrina,,,,1,1,1
Pom Pom Squad,Leeds Beckett Students Union,Leeds,12-Oct,2022,,Solo,Support,,,0,0,0
PUP,Leeds Beckett Students Union,Leeds,12-Oct,2022,21.75,Solo,,,,1,1,1
Sincere Engineer,Manchester Academy 1,Manchester,07-Oct,2022,,Solo,Support,,,0,0,0
Joyce Manor,Manchester Academy 1,Manchester,07-Oct,2022,,Solo,Support,Yes,jm071022.jpg,0,0,0
The Menzingers,Manchester Academy 1,Manchester,07-Oct,2022,26.1,Solo,,,,1,1,1
Pet Needs,Junction,Cambridge,30-Sep,2022,,Solo,Support,,,0,0,0
Frank Turner,Junction,Cambridge,30-Sep,2022,34.5,Solo,,Yes,ft300922.jpg,1,1,1
Bull,Lending Room,Leeds,27-Sep,2022,,Katrina,Support,,,0,0,0
Jeffrey Lewis,Lending Room,Leeds,27-Sep,2022,17.6,Katrina,,,,1,1,1
Loose Articles,Key Club,Leeds,24-Sep,2022,,Katrina,Support,,,0,0,0
Courting,Key Club,Leeds,24-Sep,2022,11.75,Katrina,,,,1,1,1
Low Hummer,The Crescent,York,22-Sep,2022,,Katrina,Support,Yes,lh220922.jpg,0,0,0
English Teacher,The Crescent,York,22-Sep,2022,,Katrina,Support,,,0,0,0
Yard Act,The Crescent,York,22-Sep,2022,15,Katrina,,,,1,1,1
Alex Lahey,Manchester Academy 1,Manchester,15-Sep,2022,,Katrina,Support,,,0,0,0
Manchester Orchestra,Manchester Academy 1,Manchester,15-Sep,2022,24.63,Katrina,,,,1,1,1
As December Falls,Reds Bar,Newcastle,10-Sep,2022,,Katrina,Festival,,,0,0,0
Higher Power,Reds Bar,Newcastle,10-Sep,2022,,Katrina,Festival,,,0,0,0
ZAND,Reds Bar,Newcastle,10-Sep,2022,,Katrina,Festival,,,0,0,0
Rituals,Reds Bar,Newcastle,10-Sep,2022,,Katrina,Festival,,,0,0,0
Cassyette,Domain,Newcastle,10-Sep,2022,,Katrina,Festival,,,0,0,0
Death Blooms,Domain,Newcastle,10-Sep,2022,,Katrina,Festival,,,0,0,0
Static Dress,Domain,Newcastle,10-Sep,2022,,Katrina,Festival,Yes,sd110922.jpg,0,0,0
Modern Error,Reds Bar,Newcastle,10-Sep,2022,,Katrina,Festival,,,0,1,0
Boston Manor,Domain,Newcastle,10-Sep,2022,,Katrina,Festival,,,0,0,0
Creeper,Domain,Newcastle,10-Sep,2022,,Katrina,Festival,,,0,0,0
Frank Carter,Domain,Newcastle,10-Sep,2022,49.5,Katrina,Festival,,,1,1,1
Kevin Morby,Brudenell Social Club (Main),Leeds,06-Sep,2022,20.1,Jack,,,,1,1,1
Paul McCartney,Wembley Stadium,London,03-Sep,2022,,Katrina,Support,,,0,0,0
Stewart Copeland,Wembley Stadium,London,03-Sep,2022,,Katrina,Support,,,0,0,0
James Gang,Wembley Stadium,London,03-Sep,2022,,Katrina,Support,,,0,0,0
The Pretenders,Wembley Stadium,London,03-Sep,2022,,Katrina,Support,,,0,0,0
Violet Grohl,Wembley Stadium,London,03-Sep,2022,,Katrina,Support,,,0,0,0
Wolfgang Van Halen,Wembley Stadium,London,03-Sep,2022,,Katrina,Support,,,0,0,0
Mark Ronson,Wembley Stadium,London,03-Sep,2022,,Katrina,Support,,,0,0,0
Taylor Hawkins & The Coattail Riders,Wembley Stadium,London,03-Sep,2022,,Katrina,Support,,,0,0,0
Chevy Metal,Wembley Stadium,London,03-Sep,2022,,Katrina,Support,,,0,0,0
Supergrass,Wembley Stadium,London,03-Sep,2022,,Katrina,Support,,,0,0,0
Them Crooked Vultures,Wembley Stadium,London,03-Sep,2022,,Katrina,Support,,,0,0,0
AC/DC,Wembley Stadium,London,03-Sep,2022,,Katrina,Support,,,0,0,0
Rush,Wembley Stadium,London,03-Sep,2022,,Katrina,Support,,,0,0,0
Queen,Wembley Stadium,London,03-Sep,2022,,Katrina,Support,,,0,0,0
Liam Gallagher,Wembley Stadium,London,03-Sep,2022,,Katrina,Support,,,0,0,0
Foo Fighters,Wembley Stadium,London,03-Sep,2022,94.63,Katrina,,,,1,1,1
Bright Eyes,Manchester Apollo,Manchester,31-Aug,2022,37.4,Solo,,,,1,1,1
Strange Bones,Camden Underworld,London,30-Aug,2022,,Solo,Support,,,0,0,0
Static Dress,Camden Underworld,London,30-Aug,2022,18.45,Solo,,,,1,1,1
De'Wayne,Leeds Festival,Bramham Park,28-Aug,2022,,Katrina,Festival,,,0,0,0
The Lathums,Leeds Festival,Bramham Park,28-Aug,2022,,Katrina,Festival,,,0,0,0
Poppy,Leeds Festival,Bramham Park,28-Aug,2022,,Katrina,Festival,,,0,0,0
D-Block Europe,Leeds Festival,Bramham Park,28-Aug,2022,,Katrina,Festival,,,0,0,0
carolesdaughter,Leeds Festival,Bramham Park,28-Aug,2022,,Katrina,Festival,,,0,0,0
The Skinner Brothers,Leeds Festival,Bramham Park,28-Aug,2022,,Katrina,Festival,,,0,0,0
Static Dress,Leeds Festival,Bramham Park,28-Aug,2022,,Katrina,Festival,,,0,0,0
Enter Shikari,Leeds Festival,Bramham Park,28-Aug,2022,,Katrina,Festival,,,0,0,0
Fontaines D.C.,Leeds Festival,Bramham Park,28-Aug,2022,,Katrina,Festival,,,0,0,0
Wolf Alice,Leeds Festival,Bramham Park,28-Aug,2022,,Katrina,Festival,,,0,0,0
Bring Me the Horizon,Leeds Festival,Bramham Park,28-Aug,2022,,Katrina,Festival,,,0,0,0
Arctic Monkeys,Leeds Festival,Bramham Park,28-Aug,2022,77.85,Katrina,Festival,,,1,1,1
BBNo$,Leeds Festival,Bramham Park,27-Aug,2022,,Katrina,Festival,,,0,0,0
Priestgate,Leeds Festival,Bramham Park,27-Aug,2022,,Katrina,Festival,,,0,0,0
Bilk,Leeds Festival,Bramham Park,27-Aug,2022,,Katrina,Festival,,,0,0,0
Deadletter,Leeds Festival,Bramham Park,27-Aug,2022,,Katrina,Festival,,,0,0,0
Honeyglaze,Leeds Festival,Bramham Park,27-Aug,2022,,Katrina,Festival,,,0,0,0
Joy Crookes,Leeds Festival,Bramham Park,27-Aug,2022,,Katrina,Festival,,,0,0,0
Scene Queen,Leeds Festival,Bramham Park,27-Aug,2022,,Katrina,Festival,,,0,0,0
Tigress,Leeds Festival,Bramham Park,27-Aug,2022,,Katrina,Festival,,,0,0,0
Frank Carter,Leeds Festival,Bramham Park,27-Aug,2022,,Katrina,Festival,,,0,0,0
Black Honey,Leeds Festival,Bramham Park,27-Aug,2022,,Katrina,Festival,,,0,0,0
Witch Fever,Leeds Festival,Bramham Park,27-Aug,2022,,Katrina,Festival,,,0,0,0
Glass Animals,Leeds Festival,Bramham Park,27-Aug,2022,,Katrina,Festival,,,0,0,0
Kid Kapichi,Leeds Festival,Bramham Park,27-Aug,2022,,Katrina,Festival,,,0,0,0
Tigercub,Leeds Festival,Bramham Park,27-Aug,2022,,Katrina,Festival,,,0,0,0
Cleopatrick,Leeds Festival,Bramham Park,27-Aug,2022,,Katrina,Festival,,,0,0,0
As It Is,Leeds Festival,Bramham Park,27-Aug,2022,77.86,Katrina,Festival,,,1,1,1
Bru-C,Leeds Festival,Bramham Park,26-Aug,2022,,Katrina,Festival,,,0,0,0
DMA's,Leeds Festival,Bramham Park,26-Aug,2022,,Katrina,Festival,,,0,0,0
Charli XCX,Leeds Festival,Bramham Park,26-Aug,2022,,Katrina,Festival,,,0,0,0
Halsey,Leeds Festival,Bramham Park,26-Aug,2022,,Katrina,Festival,,,0,0,0
Courting,Leeds Festival,Bramham Park,26-Aug,2022,,Katrina,Festival,,,0,0,0
LICE,Leeds Festival,Bramham Park,26-Aug,2022,,Katrina,Festival,,,0,0,0
Boy Bleach,Leeds Festival,Bramham Park,26-Aug,2022,,Katrina,Festival,,,0,0,0
Miso Extra,Leeds Festival,Bramham Park,26-Aug,2022,,Katrina,Festival,,,0,0,0
Stone,Leeds Festival,Bramham Park,26-Aug,2022,,Katrina,Festival,,,0,0,0
Anorak Patch,Leeds Festival,Bramham Park,26-Aug,2022,,Katrina,Festival,,,0,0,0
Run the Jewels,Leeds Festival,Bramham Park,26-Aug,2022,,Katrina,Festival,,,0,0,0
Bad Boy Chiller Crew,Leeds Festival,Bramham Park,26-Aug,2022,,Katrina,Festival,,,0,0,0
100 Gecs,Leeds Festival,Bramham Park,26-Aug,2022,,Katrina,Festival,,,0,0,0
Daisy Brain,Leeds Festival,Bramham Park,26-Aug,2022,,Katrina,Festival,,,0,0,0
The Blinders,Leeds Festival,Bramham Park,26-Aug,2022,,Katrina,Festival,,,0,0,0
Crawlers,Leeds Festival,Bramham Park,26-Aug,2022,,Katrina,Festival,,,0,0,0
Bastille,Leeds Festival,Bramham Park,26-Aug,2022,,Katrina,Festival,,,0,0,0
The 1975,Leeds Festival,Bramham Park,26-Aug,2022,77.86,Katrina,Festival,,,1,1,1
Sophie Jamieson,Brudenell Social Club (Main),Leeds,24-Aug,2022,,Katrina,,,,0,0,0
Ezra Furman,Brudenell Social Club (Main),Leeds,24-Aug,2022,23.5,Katrina,,Yes,ef240822.jpg,1,1,1
Sloppy Jane,Manchester Apollo,Manchester,23-Jul,2022,,"Sam Harper, Paddy",Support,,,0,0,0
Phoebe Bridgers,Manchester Apollo,Manchester,23-Jul,2022,32.41,"Sam Harper, Paddy",,,,1,1,1
Soak,Manchester Albert Hall,Manchester,21-Jul,2022,,Solo,Support,,,0,0,0
Modest Mouse,Manchester Albert Hall,Manchester,21-Jul,2022,37.98,Solo,,,,1,1,1
Soak,Shepherds Bush Empire,London,18-Jul,2022,,Katrina,Support,,,0,0,0
Modest Mouse,Shepherds Bush Empire,London,18-Jul,2022,43.9,Katrina,,,,1,1,1
Hotel Lux,2000 Trees Festival,Upcote Farm,09-Jul,2022,,Katrina,Festival,,,0,0,0
You Me at Six,2000 Trees Festival,Upcote Farm,09-Jul,2022,,Katrina,Festival,,,0,0,0
Deez Nuts,2000 Trees Festival,Upcote Farm,09-Jul,2022,,Katrina,Festival,,,0,0,0
Twin Atlantic,2000 Trees Festival,Upcote Farm,09-Jul,2022,,Katrina,Festival,,,0,0,0
The Chats,2000 Trees Festival,Upcote Farm,09-Jul,2022,,Katrina,Festival,,,0,0,0
They Fell From The Sky,2000 Trees Festival,Upcote Farm,09-Jul,2022,,Katrina,Festival,,,0,0,0
Phoxjaw,2000 Trees Festival,Upcote Farm,09-Jul,2022,,Katrina,Festival,,,0,0,0
Laura Jane Grace,2000 Trees Festival,Upcote Farm,09-Jul,2022,,Katrina,Festival,,,0,0,0
The Violent Hearts,2000 Trees Festival,Upcote Farm,09-Jul,2022,,Katrina,Festival,,,0,0,0
Avalanche Party,2000 Trees Festival,Upcote Farm,09-Jul,2022,,Katrina,Festival,Yes,ap090722.jpg,0,0,0
CheryM,2000 Trees Festival,Upcote Farm,09-Jul,2022,,Katrina,Festival,,,0,0,0
Panic Shack,2000 Trees Festival,Upcote Farm,09-Jul,2022,,Katrina,Festival,,,0,0,0
Dream Nails,2000 Trees Festival,Upcote Farm,09-Jul,2022,,Katrina,Festival,,,0,0,0
Lizzy Farrall,2000 Trees Festival,Upcote Farm,09-Jul,2022,,Katrina,Festival,,,0,0,0
Mannequin Pussy,2000 Trees Festival,Upcote Farm,09-Jul,2022,,Katrina,Festival,,,0,0,0
Angel Du$t,2000 Trees Festival,Upcote Farm,09-Jul,2022,,Katrina,Festival,,,0,0,0
John,2000 Trees Festival,Upcote Farm,09-Jul,2022,,Katrina,Festival,,,0,0,0
Kid Kapichi,2000 Trees Festival,Upcote Farm,09-Jul,2022,,Katrina,Festival,,,0,0,0
The Amazons,2000 Trees Festival,Upcote Farm,09-Jul,2022,,Katrina,Festival,,,0,0,0
Gen and The Degenerates,2000 Trees Festival,Upcote Farm,09-Jul,2022,,Katrina,Festival,,,0,0,0
Press to Meco,2000 Trees Festival,Upcote Farm,09-Jul,2022,,Katrina,Festival,Yes,pm090722.jpg,0,0,0
Knocked Loose,2000 Trees Festival,Upcote Farm,09-Jul,2022,,Katrina,Festival,,,0,0,0
IDLES,2000 Trees Festival,Upcote Farm,09-Jul,2022,45.27,Katrina,Festival,,,1,1,1
Bob Vylan,2000 Trees Festival,Upcote Farm,08-Jul,2022,,Katrina,Festival,,,0,0,0
Salem,2000 Trees Festival,Upcote Farm,08-Jul,2022,,Katrina,Festival,,,0,0,0
Chapter and Verse,2000 Trees Festival,Upcote Farm,08-Jul,2022,,Katrina,Festival,Yes,cv080722.jpg,0,0,0
The Virginmarys,2000 Trees Festival,Upcote Farm,08-Jul,2022,,Katrina,Festival,,,0,0,0
Petrol Girls,2000 Trees Festival,Upcote Farm,08-Jul,2022,,Katrina,Festival,,,0,0,0
Orchards,2000 Trees Festival,Upcote Farm,08-Jul,2022,,Katrina,Festival,,,0,0,0
Roam,2000 Trees Festival,Upcote Farm,08-Jul,2022,,Katrina,Festival,,,0,0,0
Heck,2000 Trees Festival,Upcote Farm,08-Jul,2022,,Katrina,Festival,,,0,0,0
Boston Manor,2000 Trees Festival,Upcote Farm,08-Jul,2022,,Katrina,Festival,,,0,0,0
Ian Miles,2000 Trees Festival,Upcote Farm,08-Jul,2022,,Katrina,Festival,,,0,0,0
Rolo Tomassi,2000 Trees Festival,Upcote Farm,08-Jul,2022,,Katrina,Festival,,,0,0,0
Laura Jane Grace,2000 Trees Festival,Upcote Farm,08-Jul,2022,,Katrina,Festival,,,0,0,0
Young Guns,2000 Trees Festival,Upcote Farm,08-Jul,2022,,Katrina,Festival,,,0,0,0
Turnstile,2000 Trees Festival,Upcote Farm,08-Jul,2022,,Katrina,Festival,,,0,0,0
PUP,2000 Trees Festival,Upcote Farm,08-Jul,2022,,Katrina,Festival,,,0,0,0
Thrice,2000 Trees Festival,Upcote Farm,08-Jul,2022,45.28,Katrina,Festival,,,1,1,1
Stick To Your Guns,2000 Trees Festival,Upcote Farm,07-Jul,2022,,Katrina,Festival,,,0,0,0
Jimmy Eat World,2000 Trees Festival,Upcote Farm,07-Jul,2022,,Katrina,Festival,,,0,0,0
Lonely The Brave,2000 Trees Festival,Upcote Farm,07-Jul,2022,,Katrina,Festival,,,0,0,0
Cassels,2000 Trees Festival,Upcote Farm,07-Jul,2022,,Katrina,Festival,,,0,0,0
Superlove,2000 Trees Festival,Upcote Farm,07-Jul,2022,,Katrina,Festival,,,0,0,0
Can't Swim,2000 Trees Festival,Upcote Farm,07-Jul,2022,,Katrina,Festival,,,0,0,0
The Get Up Kids,2000 Trees Festival,Upcote Farm,07-Jul,2022,,Katrina,Festival,,,0,0,0
Holding Absence,2000 Trees Festival,Upcote Farm,07-Jul,2022,,Katrina,Festival,,,0,0,0
Phoxjaw,2000 Trees Festival,Upcote Farm,07-Jul,2022,,Katrina,Festival,Yes,pj070722.jpg,0,0,0
Marisa and the Moths,2000 Trees Festival,Upcote Farm,07-Jul,2022,,Katrina,Festival,,,0,0,0
Crashface,2000 Trees Festival,Upcote Farm,07-Jul,2022,,Katrina,Festival,,,0,0,0
Delaire The Liar,2000 Trees Festival,Upcote Farm,07-Jul,2022,,Katrina,Festival,,,0,0,0
Kneecap,2000 Trees Festival,Upcote Farm,07-Jul,2022,,Katrina,Festival,,,0,0,0
Graywave,2000 Trees Festival,Upcote Farm,07-Jul,2022,,Katrina,Festival,,,0,0,0
The Luka State,2000 Trees Festival,Upcote Farm,07-Jul,2022,,Katrina,Festival,,,0,0,0
Haggard Cat,2000 Trees Festival,Upcote Farm,07-Jul,2022,,Katrina,Festival,,,0,0,0
Dinosaur Pile-Up,2000 Trees Festival,Upcote Farm,07-Jul,2022,,Katrina,Festival,,,0,0,0
Airways,2000 Trees Festival,Upcote Farm,07-Jul,2022,,Katrina,Festival,Yes,aw070722.jpg,0,0,0
Tigercub,2000 Trees Festival,Upcote Farm,07-Jul,2022,,Katrina,Festival,,,0,0,0
Beans On Toast,2000 Trees Festival,Upcote Farm,07-Jul,2022,,Katrina,Festival,,,0,0,0
Anti-Flag,2000 Trees Festival,Upcote Farm,07-Jul,2022,,Katrina,Festival,,,0,0,0
Creeper,2000 Trees Festival,Upcote Farm,07-Jul,2022,45.28,Katrina,Festival,,,1,1,1
Haggard Cat,2000 Trees Festival,Upcote Farm,06-Jul,2022,,Katrina,Festival,,,0,0,0
Heavy Lungs,2000 Trees Festival,Upcote Farm,06-Jul,2022,,Katrina,Festival,,,0,0,0
Non Canon,2000 Trees Festival,Upcote Farm,06-Jul,2022,,Katrina,Festival,,,0,0,0
Andy Oliveri,2000 Trees Festival,Upcote Farm,06-Jul,2022,,Katrina,Festival,,,0,0,0
Palm Reader,2000 Trees Festival,Upcote Farm,06-Jul,2022,,Katrina,Festival,,,0,0,0
Black Foxxes,2000 Trees Festival,Upcote Farm,06-Jul,2022,,Katrina,Festival,,,0,0,0
Johnny Foreigner,2000 Trees Festival,Upcote Farm,06-Jul,2022,,Katrina,Festival,,,0,0,0
Pulled Apart By Horses,2000 Trees Festival,Upcote Farm,06-Jul,2022,34,Katrina,Festival,,,1,1,1
High Hi,Rock Werchter,Werchter,03-Jul,2022,,Katrina,Festival,,,0,0,0
Big Thief,Rock Werchter,Werchter,03-Jul,2022,,Katrina,Festival,,,0,0,0
The Record Company,Rock Werchter,Werchter,03-Jul,2022,,Katrina,Festival,,,0,0,0
FEVER 333,Rock Werchter,Werchter,03-Jul,2022,,Katrina,Festival,,,0,0,0
Keane,Rock Werchter,Werchter,03-Jul,2022,,Katrina,Festival,,,0,0,0
Jehnny Beth,Rock Werchter,Werchter,03-Jul,2022,,Katrina,Festival,,,0,0,0
Modest Mouse,Rock Werchter,Werchter,03-Jul,2022,,Katrina,Festival,Yes,mm030722.jpg,0,0,0
Michael Kiwanuka,Rock Werchter,Werchter,03-Jul,2022,,Katrina,Festival,,,0,0,0
Royal Blood,Rock Werchter,Werchter,03-Jul,2022,,Katrina,Festival,,,0,0,0
Snail Mail,Rock Werchter,Werchter,03-Jul,2022,,Katrina,Festival,,,0,0,0
The Killers,Rock Werchter,Werchter,03-Jul,2022,,Katrina,Festival,,,0,0,0
Red Hot Chili Peppers,Rock Werchter,Werchter,03-Jul,2022,51.75,Katrina,Festival,,,1,1,1
Mother Mother,Rock Werchter,Werchter,02-Jul,2022,,Katrina,Festival,,,0,0,0
Marcus King,Rock Werchter,Werchter,02-Jul,2022,,Katrina,Festival,,,0,0,0
Nothing But Thieves,Rock Werchter,Werchter,02-Jul,2022,,Katrina,Festival,Yes,nbt020722.jpg,0,0,0
Sabrina Claudio,Rock Werchter,Werchter,02-Jul,2022,,Katrina,Festival,,,0,0,0
Phoebe Bridgers,Rock Werchter,Werchter,02-Jul,2022,,Katrina,Festival,,,0,0,0
YUNGBLUD,Rock Werchter,Werchter,02-Jul,2022,,Katrina,Festival,,,0,0,0
Jorja Smith,Rock Werchter,Werchter,02-Jul,2022,,Katrina,Festival,,,0,0,0
Leon Bridges,Rock Werchter,Werchter,02-Jul,2022,,Katrina,Festival,,,0,0,0
Kennyhoopla,Rock Werchter,Werchter,02-Jul,2022,,Katrina,Festival,,,0,0,0
Jamie XX,Rock Werchter,Werchter,02-Jul,2022,,Katrina,Festival,,,0,0,0
grandson,Rock Werchter,Werchter,02-Jul,2022,,Katrina,Festival,Yes,gs020722.jpg,0,0,0
Imagine Dragons,Rock Werchter,Werchter,02-Jul,2022,,Katrina,Festival,,,0,0,0
Twenty One Pilots,Rock Werchter,Werchter,02-Jul,2022,51.76,Katrina,Festival,,,1,1,1
Sum 41,Rock Werchter,Werchter,01-Jul,2022,,Katrina,Festival,,,0,0,0
MOLYBARON,Rock Werchter,Werchter,01-Jul,2022,,Katrina,Festival,,,0,0,0
Miles Kane,Rock Werchter,Werchter,01-Jul,2022,,Katrina,Festival,,,0,0,0
IDLES,Rock Werchter,Werchter,01-Jul,2022,,Katrina,Festival,,,0,0,0
Waterparks,Rock Werchter,Werchter,01-Jul,2022,,Katrina,Festival,,,0,0,0
Inhaler,Rock Werchter,Werchter,01-Jul,2022,,Katrina,Festival,,,0,0,0
Lewis Capaldi,Rock Werchter,Werchter,01-Jul,2022,,Katrina,Festival,,,0,0,0
Girl In Red,Rock Werchter,Werchter,01-Jul,2022,,Katrina,Festival,,,0,0,0
Bazart,Rock Werchter,Werchter,01-Jul,2022,,Katrina,Festival,,,0,0,0
The Last Internationale,Rock Werchter,Werchter,01-Jul,2022,,Katrina,Festival,,,0,0,0
Parcels,Rock Werchter,Werchter,01-Jul,2022,,Katrina,Festival,,,0,0,0
alt-J,Rock Werchter,Werchter,01-Jul,2022,,Katrina,Festival,,,0,0,0
The Chats,Rock Werchter,Werchter,01-Jul,2022,,Katrina,Festival,,,0,0,0
Turnstile,Rock Werchter,Werchter,01-Jul,2022,,Katrina,Festival,,,0,0,0
Metallica,Rock Werchter,Werchter,01-Jul,2022,51.75,Katrina,Festival,,,1,1,1
Altin Gun,Rock Werchter,Werchter,30-Jun,2022,,Katrina,Festival,,,0,0,0
Gang of Youths,Rock Werchter,Werchter,30-Jun,2022,,Katrina,Festival,,,0,0,0
The Dead South,Rock Werchter,Werchter,30-Jun,2022,,Katrina,Festival,,,0,0,0
Fontaines D.C.,Rock Werchter,Werchter,30-Jun,2022,,Katrina,Festival,,,0,0,0
HAIM,Rock Werchter,Werchter,30-Jun,2022,,Katrina,Festival,,,0,0,0
Lady Blackbird,Rock Werchter,Werchter,30-Jun,2022,,Katrina,Festival,,,0,0,0
Carly Rae Jepson,Rock Werchter,Werchter,30-Jun,2022,,Katrina,Festival,,,0,0,0
Pixies,Rock Werchter,Werchter,30-Jun,2022,,Katrina,Festival,,,0,0,0
Beck,Rock Werchter,Werchter,30-Jun,2022,,Katrina,Festival,,,0,0,0
Black Pumas,Rock Werchter,Werchter,30-Jun,2022,,Katrina,Festival,,,0,0,0
White Reaper,Rock Werchter,Werchter,30-Jun,2022,,Katrina,Festival,,,0,0,0
The War On Drugs,Rock Werchter,Werchter,30-Jun,2022,,Katrina,Festival,,,0,0,0
Pearl Jam,Rock Werchter,Werchter,30-Jun,2022,51.76,Katrina,Festival,,,1,1,1
Island of Love,Hammersmith Apollo,London,27-Jun,2022,,Katrina,Support,,,0,0,0
Jack White,Hammersmith Apollo,London,27-Jun,2022,62.18,Katrina,,,,1,1,1
Red Hot Chili Peppers,London Stadium,London,26-Jun,2022,98.35,Katrina,,,,1,1,1
Amyl and the Sniffers,Huddersfield Stadium,Huddersfield,25-Jun,2022,,Katrina,Support,,,0,0,0
Weezer,Huddersfield Stadium,Huddersfield,25-Jun,2022,,Katrina,Support,,,0,0,0
Fall Out Boy,Huddersfield Stadium,Huddersfield,25-Jun,2022,,Katrina,Support,,,0,0,0
Green Day,Huddersfield Stadium,Huddersfield,25-Jun,2022,83.63,Katrina,,,,1,1,1
Junius Meyvant,Victoria Warehouse,Manchester,17-Jun,2022,,Katrina,Support,,,0,0,0
Belle Mt,Victoria Warehouse,Manchester,17-Jun,2022,,Katrina,Support,,,0,0,0
Kaleo,Victoria Warehouse,Manchester,17-Jun,2022,32.05,Katrina,,,,1,1,1
Low Hummer,Brudenell Social Club (Main),Leeds,15-Jun,2022,,Katrina,Support,Yes,lh150622.jpg,0,0,0
Eades,Brudenell Social Club (Main),Leeds,15-Jun,2022,,Katrina,Support,,,0,0,0
Pond,Brudenell Social Club (Main),Leeds,15-Jun,2022,22,Katrina,,Yes,pn150622.jpg,1,1,1
grandson,Kentish Town Forum,London,13-Jun,2022,,Solo,Support,,,0,0,0
Deftones,Kentish Town Forum,London,13-Jun,2022,55.15,Solo,,,,1,1,1
Static Dress,Download Festival,Donington Park,12-Jun,2022,,Katrina,Festival,Yes,sd120622.jpg,0,0,0
Wargasm,Download Festival,Donington Park,12-Jun,2022,,Katrina,Festival,,,0,0,0
The Velveteers,Download Festival,Donington Park,12-Jun,2022,,Katrina,Festival,,,0,0,0
Powerwolf,Download Festival,Donington Park,12-Jun,2022,,Katrina,Festival,,,0,0,0
Anchor Lane,Download Festival,Donington Park,12-Jun,2022,,Katrina,Festival,,,0,0,0
Bimini,Download Festival,Donington Park,12-Jun,2022,,Katrina,Festival,,,0,0,0
Alestorm,Download Festival,Donington Park,12-Jun,2022,,Katrina,Festival,,,0,0,0
Phoxjaw,Download Festival,Donington Park,12-Jun,2022,,Katrina,Festival,Yes,pj120622.jpg,0,0,0
Jamie Lenman,Download Festival,Donington Park,12-Jun,2022,,Katrina,Festival,,,0,0,0
Rise Against,Download Festival,Donington Park,12-Jun,2022,,Katrina,Festival,,,0,0,0
Volbeat,Download Festival,Donington Park,12-Jun,2022,,Katrina,Festival,,,0,0,0
Spiritbox,Download Festival,Donington Park,12-Jun,2022,,Katrina,Festival,,,0,0,0
Korn,Download Festival,Donington Park,12-Jun,2022,,Katrina,Festival,,,0,0,0
The Darkness,Download Festival,Donington Park,12-Jun,2022,,Katrina,Festival,,,0,0,0
Boston Manor,Download Festival,Donington Park,12-Jun,2022,,Katrina,Festival,Yes,bm120622.jpg,0,0,0
Steel Panther,Download Festival,Donington Park,12-Jun,2022,,Katrina,Festival,,,0,0,0
Biffy Clyro,Download Festival,Donington Park,12-Jun,2022,12.5,Katrina,Festival,,,1,1,1
Static Dress,Kentish Town Forum,London,05-Jun,2022,,Solo,Support,Yes,sd050622.jpg,0,0,0
Meet Me @ The Altar,Kentish Town Forum,London,05-Jun,2022,,Solo,Support,,,0,0,0
Holding Absence,Kentish Town Forum,London,05-Jun,2022,10,Solo,,,,1,1,1
Caskets,Slam Dunk Festival South,Hatfield,04-Jun,2022,,Solo,,,,0,0,0
The Suicide Machines,Slam Dunk Festival South,Hatfield,04-Jun,2022,,Solo,,,,0,0,0
Yours Truly,Slam Dunk Festival South,Hatfield,04-Jun,2022,,Solo,,,,0,0,0
"Chunk! No, Captain Chunk!",Slam Dunk Festival South,Hatfield,04-Jun,2022,,Solo,,,,0,0,0
Silverstein,Slam Dunk Festival South,Hatfield,04-Jun,2022,,Solo,,,,0,0,0
In Her Own Words,Slam Dunk Festival South,Hatfield,04-Jun,2022,,Solo,,,,0,0,0
Hot Water Music,Slam Dunk Festival South,Hatfield,04-Jun,2022,,Solo,,,,0,0,0
Counterparts,Slam Dunk Festival South,Hatfield,04-Jun,2022,,Solo,,,,0,0,0
The Amity Affliction,Slam Dunk Festival South,Hatfield,04-Jun,2022,,Solo,,,,0,0,0
Electric Callboy,Slam Dunk Festival South,Hatfield,04-Jun,2022,,Solo,,,,0,0,0
Stand Atlantic,Slam Dunk Festival South,Hatfield,04-Jun,2022,,Solo,,,,0,0,0
Cancer Bats,Slam Dunk Festival South,Hatfield,04-Jun,2022,,Solo,,,,0,0,0
Knuckle Puck,Slam Dunk Festival South,Hatfield,04-Jun,2022,,Solo,,,,0,0,0
Streetlight Manifesto,Slam Dunk Festival South,Hatfield,04-Jun,2022,,Solo,,,,0,0,0
The Wonder Years,Slam Dunk Festival South,Hatfield,04-Jun,2022,,Solo,,,,0,0,0
The Story So Far,Slam Dunk Festival South,Hatfield,04-Jun,2022,,Solo,,,,0,0,0
The Interrupters,Slam Dunk Festival South,Hatfield,04-Jun,2022,,Solo,,,,0,0,0
Set It Off,Slam Dunk Festival South,Hatfield,04-Jun,2022,,Solo,,,,0,0,0
The Flatliners,Slam Dunk Festival South,Hatfield,04-Jun,2022,,Solo,,,,0,0,0
As December Falls,Slam Dunk Festival South,Hatfield,04-Jun,2022,,Solo,,,,0,0,0
Dropkick Murphys,Slam Dunk Festival South,Hatfield,04-Jun,2022,,Solo,,,,0,0,0
Sum 41,Slam Dunk Festival South,Hatfield,04-Jun,2022,,Solo,,,,0,0,0
Alexisonfire,Slam Dunk Festival South,Hatfield,04-Jun,2022,85,Solo,Festival,,,1,1,1
Pinkshift,Slam Dunk Festival North,Leeds,03-Jun,2022,,Katrina,,,,0,0,0
Beauty School,Slam Dunk Festival North,Leeds,03-Jun,2022,,Katrina,,,,0,0,0
Between You and Me,Slam Dunk Festival North,Leeds,03-Jun,2022,,Katrina,,,,0,0,0
The Suicide Machines,Slam Dunk Festival North,Leeds,03-Jun,2022,,Katrina,,,,0,0,0
Cassyette,Slam Dunk Festival North,Leeds,03-Jun,2022,,Katrina,,,,0,0,0
Yours Truly,Slam Dunk Festival North,Leeds,03-Jun,2022,,Katrina,,,,0,0,0
"Chunk! No, Captain Chunk!",Slam Dunk Festival North,Leeds,03-Jun,2022,,Katrina,,,,0,0,0
Hot Milk,Slam Dunk Festival North,Leeds,03-Jun,2022,,Katrina,,,,0,0,0
Silverstein,Slam Dunk Festival North,Leeds,03-Jun,2022,,Katrina,,,,0,0,0
The Vandals,Slam Dunk Festival North,Leeds,03-Jun,2022,,Katrina,,,,0,0,0
Knuckle Puck,Slam Dunk Festival North,Leeds,03-Jun,2022,,Katrina,,,,0,0,0
Streetlight Manifesto,Slam Dunk Festival North,Leeds,03-Jun,2022,,Katrina,,,,0,0,0
Hot Mulligan,Slam Dunk Festival North,Leeds,03-Jun,2022,,Katrina,,,,0,0,0
Mom Jeans.,Slam Dunk Festival North,Leeds,03-Jun,2022,,Katrina,,Yes,mj030622.jpg,0,0,0
The Wonder Years,Slam Dunk Festival North,Leeds,03-Jun,2022,,Katrina,,,,0,0,0
The Story So Far,Slam Dunk Festival North,Leeds,03-Jun,2022,,Katrina,,,,0,0,0
Pennywise,Slam Dunk Festival North,Leeds,03-Jun,2022,,Katrina,,,,0,0,0
The Interrupters,Slam Dunk Festival North,Leeds,03-Jun,2022,,Katrina,,,,0,0,0
Set It Off,Slam Dunk Festival North,Leeds,03-Jun,2022,,Katrina,,Yes,sio030622.jpg,0,0,0
Dropkick Murphys,Slam Dunk Festival North,Leeds,03-Jun,2022,,Katrina,,,,0,0,0
3OH!3,Slam Dunk Festival North,Leeds,03-Jun,2022,,Katrina,,,,0,0,0
Neck Deep,Slam Dunk Festival North,Leeds,03-Jun,2022,,Katrina,,,,0,0,0
Alexisonfire,Slam Dunk Festival North,Leeds,03-Jun,2022,81.4,Katrina,Festival,,,1,1,1
Robert Stillman,Manchester Academy 1,Manchester,02-Jun,2022,,Katrina,Support,,,0,0,0
The Smile,Manchester Academy 1,Manchester,02-Jun,2022,55.45,Katrina,,,,1,1,1
Creeper,Leeds Arena,Leeds,01-Jun,2022,,Katrina,Support,,,0,0,0
The Cult,Leeds Arena,Leeds,01-Jun,2022,,Katrina,Support,,,0,0,0
Alice Cooper,Leeds Arena,Leeds,01-Jun,2022,32,Katrina,,,,1,1,1
Barns Courtney,Stadium MK,Milton Keynes,21-May,2022,,Katrina,Support,,,0,0,0
Placebo,Stadium MK,Milton Keynes,21-May,2022,,Katrina,Support,,,0,0,0
My Chemical Romance,Stadium MK,Milton Keynes,21-May,2022,83.75,Katrina,,,,1,1,1
Wilderado,Brixton Academy,London,20-May,2022,,Katrina,Support,,,0,0,0
alt-J,Brixton Academy,London,20-May,2022,43.35,Katrina,,Yes,aj200522.jpg,1,1,1
Placebo,Stadium MK,Milton Keynes,19-May,2022,,Katrina,Support,,,0,0,0
My Chemical Romance,Stadium MK,Milton Keynes,19-May,2022,53.4,Katrina,,,,1,1,1
The Killers,Sheffield Academy,Sheffield,17-May,2022,81.25,Ollie Bass,,,,1,1,1
Dead Pony,Stylus,Leeds,15-May,2022,,Solo,Support,,,0,0,0
Declan Welsh and the Decadent West,Stylus,Leeds,15-May,2022,,Solo,Support,,,0,0,0
Twin Atlantic,Stylus,Leeds,15-May,2022,22.3,Solo,,Yes,ta150522.jpg,1,1,1
Heidi Curtis,Leadmill,Sheffield,14-May,2022,,Solo,Support,,,0,0,0
Paolo Nutini,Leadmill,Sheffield,14-May,2022,40,Solo,,,,1,1,1
Willie J Healey,Subterania,London,11-May,2022,,Solo,Support,,,0,0,0
Jamie T,Subterania,London,11-May,2022,33,Solo,,Yes,jt100522.jpg,1,1,1
Razorlight,Hammersmith Apollo,London,10-May,2022,,Solo,Support,,,0,0,0
Muse,Hammersmith Apollo,London,10-May,2022,97.95,Solo,,,,1,1,1
Muse,Hammersmith Apollo,London,09-May,2022,99,Katrina,,,,1,1,1
Civil Service,Sidney and Matilda (Basement),Sheffield,07-May,2022,,Katrina,Support,,,0,0,0
The Dear Hunter,Sidney and Matilda (Basement),Sheffield,07-May,2022,15.4,Katrina,,Yes,dh070522.jpg,1,1,1
Civil Service,Night and Day Cafe,Manchester,05-May,2022,,Katrina,Support,,,0,0,0
The Dear Hunter,Night and Day Cafe,Manchester,05-May,2022,17.15,Katrina,,Yes,dh050522.jpg,1,1,1
Malevolence,Leeds Arena,Leeds,02-May,2022,,Solo,Support,,,0,0,0
Sleep Token,Leeds Arena,Leeds,02-May,2022,,Solo,Support,,,0,0,0
Architects,Leeds Arena,Leeds,02-May,2022,50.9,Solo,,,,1,1,1
Jetski,Key Club,Leeds,30-Apr,2022,,Solo,Support,Yes,js300422.jpg,0,0,0
Eat Your Heart Out,Key Club,Leeds,30-Apr,2022,,Solo,Support,,,0,0,0
Tiny Moving Parts,Key Club,Leeds,30-Apr,2022,19,Solo,,,,1,1,1
Brass Against,Royal Arena Copenhagen,Copenhagen,23-Apr,2022,,Katrina,Support,,,0,0,0
Tool,Royal Arena Copenhagen,Copenhagen,23-Apr,2022,100.06,Katrina,,,,1,1,1
As Sirens Fall,Key Club,Leeds,20-Apr,2022,,Katrina,Support,,,0,0,0
Delaire The Liar,Key Club,Leeds,20-Apr,2022,,Katrina,Support,,,0,0,0
As Everything Unfolds,Key Club,Leeds,20-Apr,2022,12.85,Katrina,,Yes,aeu200422.jpg,1,1,1
Honeyglaze,Brudenell Social Club (Main),Leeds,12-Apr,2022,,Sam Harper,Support,,,0,0,0
Wet Leg,Brudenell Social Club (Main),Leeds,12-Apr,2022,12.8,Sam Harper,,,,1,1,1
RATTLE,Brudenell Social Club (Main),Leeds,17-Apr,2022,,Katrina,Support,,,0,0,0
TRAAMS,Brudenell Social Club (Main),Leeds,17-Apr,2022,,Katrina,Support,,,0,0,0
Protomartyr,Brudenell Social Club (Main),Leeds,17-Apr,2022,17.9,Katrina,,Yes,pm170422.jpg,1,1,1
Jools,Key Club,Leeds,12-Apr,2022,,Solo,Support,,,0,0,0
Static Dress,Key Club,Leeds,12-Apr,2022,11.4,Solo,,Yes,sd120422.jpg,1,1,1
Frank Turner,The Wardrobe,Leeds,12-Apr,2022,18.49,Solo,,,,1,1,1
Twin Temple,Manchester Arena,Manchester,09-Apr,2022,,Katrina,Support,,,0,0,0
Uncle Acid and the Deadbeats,Manchester Arena,Manchester,09-Apr,2022,,Katrina,Support,Yes,ua090422.jpg,0,0,0
Ghost,Manchester Arena,Manchester,09-Apr,2022,54,Katrina,,,,1,1,1
Lounge Society,Trades Club,Hebden Bridge,03-Apr,2022,,Katrina,Support,,,0,0,0
Warmduscher,Trades Club,Hebden Bridge,03-Apr,2022,18.25,Katrina,,Yes,wd030422.jpg,1,1,1
Tokky Horror,Club 85,Hitchin,31-Mar,2022,,Katrina,Support,,,0,0,0
Enter Shikari,Club 85,Hitchin,31-Mar,2022,15.25,Katrina,,Yes,es310322.jpg,1,1,1
The Escape Artist,The Black Heart,London,27-Mar,2022,,Solo,Support,,,0,0,0
Family Man,The Black Heart,London,27-Mar,2022,,Solo,Support,,,0,0,0
Love Is Noise,The Black Heart,London,27-Mar,2022,13.05,Solo,,,,1,1,1
James And The Cold Gun,Leeds Beckett Students Union,Leeds,19-Mar,2022,,Solo,Support,,,0,0,0
VUKOVI,Leeds Beckett Students Union,Leeds,19-Mar,2022,,Solo,Support,,,0,0,0
Creeper,Leeds Beckett Students Union,Leeds,19-Mar,2022,18.15,Solo,,,,1,1,1
Halestorm,Sheffield Academy,Sheffield,12-Mar,2022,32.93,Katrina,,,,1,1,1
Ready the Prince,The Wardrobe,Leeds,07-Mar,2022,,Katrina,Support,,,0,0,0
Cleopatrick,The Wardrobe,Leeds,07-Mar,2022,15.8,Katrina,,,,1,1,1
Static Dress,Leeds Academy,Leeds,06-Mar,2022,,Solo,Support,,,0,0,0
Holding Absence,Leeds Academy,Leeds,06-Mar,2022,,Solo,Support,Yes,ha060322.jpg,0,0,0
Funeral for a Friend,Leeds Academy,Leeds,06-Mar,2022,15.3,Solo,,,,1,1,1
Pleasure Centre,The Wardrobe,Leeds,05-Mar,2022,,Katrina,Support,,,0,0,0
Lunafall,The Wardrobe,Leeds,05-Mar,2022,,Katrina,Support,,,0,0,0
Airways,The Wardrobe,Leeds,05-Mar,2022,11.75,Katrina,,,,1,1,1
Lucia and The Best Boys,Manchester Apollo,Manchester,04-Mar,2022,,Katrina,Support,,,0,0,0
Wolf Alice,Manchester Apollo,Manchester,04-Mar,2022,33.35,Katrina,,,,1,1,1
Annabel Allum,The Crescent,York,26-Feb,2022,,Katrina,Support,,,0,0,0
She Drew the Gun,The Crescent,York,26-Feb,2022,15.4,Katrina,,Yes,sg260222.jpg,1,1,1
Jools,Stylus,Leeds,15-Feb,2022,,Katrina,Support,,,0,0,0
Movements,Stylus,Leeds,15-Feb,2022,,Katrina,Support,,,0,0,0
Boston Manor,Stylus,Leeds,15-Feb,2022,20.1,Katrina,,Yes,bm150222.jpg,1,1,1
Yard Act,Jumbo Records,Leeds,25-Jan,2022,16.99,Katrina,,,,1,1,1
Bones UK,Leeds Beckett Students Union,Leeds,07-Dec,2021,,Katrina,Support,,,0,0,0
Eagles of Death Metal,Leeds Beckett Students Union,Leeds,07-Dec,2021,27.65,Katrina,,,,1,1,1
Sounds of Swami,Key Club,Leeds,04-Dec,2021,,Katrina,Support,,,0,0,0
Jamie Lenman,Key Club,Leeds,04-Dec,2021,21.05,Katrina,,Yes,jl041221.jpg,1,1,1
Leprous,Warehouse Leeds,Leeds,03-Dec,2021,22.4,Katrina,,Yes,lp031221.jpg,1,1,1
Courting,Stylus,Leeds,18-Nov,2021,,Katrina,Support,,,0,0,0
Sports Team,Stylus,Leeds,18-Nov,2021,18.45,Katrina,,,,1,1,1
Lyoness,Key Club,Leeds,15-Nov,2021,,"Henry, Matt Barnfield","Support, Acoustic",,,0,0,0
Rise Against,Key Club,Leeds,15-Nov,2021,19.99,"Henry, Matt Barnfield",Acoustic,,,1,1,1
Oaths,Satan's Hollow,Manchester,12-Nov,2021,,Katrina,Support,,,0,0,0
Chapter and Verse,Satan's Hollow,Manchester,12-Nov,2021,7.7,Katrina,,Yes,cv121121.jpg,1,1,1
Lynks,Dublin Academy,Dublin,10-Nov,2021,,Katrina,Support,,,0,0,0
Frank Carter,Dublin Academy,Dublin,10-Nov,2021,26.1,Katrina,,,,1,1,1
The Florentinas,Dublin Olympia,Dublin,09-Nov,2021,,Katrina,Support,,,0,0,0
Airways,Dublin Olympia,Dublin,09-Nov,2021,,Katrina,Support,,,0,0,0
Nothing But Thieves,Dublin Olympia,Dublin,09-Nov,2021,34.11,Katrina,,,,1,1,1
As Everything Unfolds,Manchester Academy 3,Manchester,04-Nov,2021,,Solo,Support,,,0,0,0
Yours Truly,Manchester Academy 3,Manchester,04-Nov,2021,,Solo,Support,,,0,0,0
Holding Absence,Manchester Academy 3,Manchester,04-Nov,2021,17.85,Solo,,Yes,ha041121.jpg,1,1,1
Bob Vylan,Cambridge Corn Exchange,Cambridge,30-Oct,2021,,Ollie Bass,Support,,,0,0,0
Biffy Clyro,Cambridge Corn Exchange,Cambridge,30-Oct,2021,47.98,Ollie Bass,,,,1,1,1
Delaire The Liar,Key Club,Leeds,27-Oct,2021,,Katrina,Support,,,0,0,0
Press to Meco,Key Club,Leeds,27-Oct,2021,,Katrina,Support,,,0,0,0
VUKOVI,Key Club,Leeds,27-Oct,2021,12.85,Katrina,,,,1,1,1
Delaire The Liar,Night and Day Cafe,Manchester,24-Oct,2021,,Solo,Support,,,0,0,0
Press to Meco,Night and Day Cafe,Manchester,24-Oct,2021,15.1,Solo,,,,1,1,1
The Altered Hours,Leeds Academy,Leeds,23-Oct,2021,,Florian,Support,,,0,0,0
Fontaines D.C.,Leeds Academy,Leeds,23-Oct,2021,29.63,Florian,,,,1,1,1
Kasabian,Victoria Warehouse,Manchester,22-Oct,2021,47.78,Katrina,,,,1,1,1
Havelocke,Key Club,Leeds,21-Oct,2021,,Katrina,Support,,,0,0,0
James And The Cold Gun,Key Club,Leeds,21-Oct,2021,,Katrina,Support,,,0,0,0
Salem,Key Club,Leeds,21-Oct,2021,11.75,Katrina,,,,1,1,1
The Hazy Janes,The Crescent,York,17-Oct,2021,,Katrina,Support,,,0,0,0
Trueman & the Indoor League,The Crescent,York,17-Oct,2021,,Katrina,Support,,,0,0,0
Avalanche Party,The Crescent,York,17-Oct,2021,7.7,Katrina,,,,1,1,1
The Bug Club,The Crescent,York,11-Oct,2021,,Katrina,Support,,,0,0,0
Willie J Healey,The Crescent,York,11-Oct,2021,11.5,Katrina,,Yes,wjh111021.jpg,1,1,1
Please Remain Calm,Boom 2 (Millwright Street),Leeds,08-Oct,2021,,Katrina,Support,,,0,0,0
Hinata,Boom 2 (Millwright Street),Leeds,08-Oct,2021,,Katrina,Support,,,0,0,0
What? Nah,Boom 2 (Millwright Street),Leeds,08-Oct,2021,,Katrina,Support,,,0,0,0
Redwood,Boom 2 (Millwright Street),Leeds,08-Oct,2021,6.1,Katrina,,Yes,rw080821.jpg,1,1,1
Hushtones,The Crescent,York,04-Oct,2021,,Katrina,Support,,,0,0,0
Red Rum Club,The Crescent,York,04-Oct,2021,12.1,Katrina,,,,1,1,1
thysen,Mabgate Bleach,Leeds,30-Sep,2021,,Katrina,Support,,,0,0,0
Gardenback,Mabgate Bleach,Leeds,30-Sep,2021,,Katrina,Support,,,0,0,0
Frauds,Mabgate Bleach,Leeds,30-Sep,2021,6.89,Katrina,,,,1,1,1
Nova Twins,Sheffield Arena,Sheffield,24-Sep,2021,,Katrina,Support,,,0,0,0
You Me at Six,Sheffield Arena,Sheffield,24-Sep,2021,,Katrina,Support,,,0,0,0
Bring Me the Horizon,Sheffield Arena,Sheffield,24-Sep,2021,51,Katrina,,,,1,1,1
Loathe,Key Club,Leeds,23-Sep,2021,,Solo,Support,,,0,0,0
While She Sleeps,Key Club,Leeds,23-Sep,2021,25.5,Solo,,,,1,1,1
Morning Crush,Roundhouse,London,17-Sep,2021,,Solo,Lost Evenings IV,,,0,0,0
Dream Nails,Roundhouse,London,17-Sep,2021,,Solo,Lost Evenings IV,,,0,0,0
Nova Twins,Roundhouse,London,17-Sep,2021,,Solo,Lost Evenings IV,,,0,0,0
Frank Turner,Roundhouse,London,17-Sep,2021,44.24,Solo,Lost Evenings IV,,,1,1,1
Pet Needs,Roundhouse,London,17-Sep,2021,,Solo,Lost Evenings IV,,,0,0,0
Jamie Lenman,Roundhouse,London,17-Sep,2021,,Solo,Lost Evenings IV,,,0,0,0
Frank Turner,Roundhouse,London,17-Sep,2021,44.24,Solo,Lost Evenings IV,,,1,1,1
Delaire The Liar,Islington Academy,London,16-Sep,2021,,Solo,Support,,,0,0,0
Doll Skin,Islington Academy,London,16-Sep,2021,,Solo,Support,,,0,0,0
Hot Milk,Islington Academy,London,16-Sep,2021,14.25,Solo,,,,1,1,1
Black Honey,Jumbo Records,Leeds,14-Sep,2021,18,Katrina,,Yes,Not yet uploaded.jpg,1,1,1
Dreameater,Bannermans,Edinburgh,10-Sep,2021,,Katrina,Support,,,0,0,0
Sertraline,Bannermans,Edinburgh,10-Sep,2021,11,Katrina,,Yes,st100921.jpg,1,1,1
Scapey and Kush,The Globe,Newcastle,08-Sep,2021,,Katrina,Support,,,0,0,0
Decompose,The Globe,Newcastle,08-Sep,2021,8,Katrina,Static Dress cancelled,,,1,1,1
IDLES,Leeds Beckett Students Union,Leeds,07-Sep,2021,13.5,Katrina,,,,1,1,1
Loathe,Slam Dunk Festival North,Leeds,04-Sep,2021,,Solo,,,,0,0,0
Capdown,Slam Dunk Festival North,Leeds,04-Sep,2021,,Solo,,,,0,0,0
Snuff,Slam Dunk Festival North,Leeds,04-Sep,2021,,Solo,,,,0,0,0
Hellogoodbye,Slam Dunk Festival North,Leeds,04-Sep,2021,,Solo,,,,0,0,0
As It Is,Slam Dunk Festival North,Leeds,04-Sep,2021,,Solo,,,,0,0,0
Deez Nuts,Slam Dunk Festival North,Leeds,04-Sep,2021,,Solo,,,,0,0,0
Doll Skin,Slam Dunk Festival North,Leeds,04-Sep,2021,,Solo,,,,0,0,0
McFly,Slam Dunk Festival North,Leeds,04-Sep,2021,,Solo,,,,0,0,0
Static Dress,Slam Dunk Festival North,Leeds,04-Sep,2021,,Solo,,Yes,sd040921.jpg,0,0,0
Wargasm,Slam Dunk Festival North,Leeds,04-Sep,2021,,Solo,,,,0,0,0
Funeral for a Friend,Slam Dunk Festival North,Leeds,04-Sep,2021,,Solo,,,,0,0,0
Lizzy Farrall,Slam Dunk Festival North,Leeds,04-Sep,2021,,Solo,,Yes,lf040921.jpg,0,0,0
VUKOVI,Slam Dunk Festival North,Leeds,04-Sep,2021,,Solo,,,,0,0,0
spunge,Slam Dunk Festival North,Leeds,04-Sep,2021,,Solo,,,,0,0,0
Skindred,Slam Dunk Festival North,Leeds,04-Sep,2021,,Solo,,,,0,0,0
Bury Tomorrow,Slam Dunk Festival North,Leeds,04-Sep,2021,,Solo,,,,0,0,0
Normandie,Slam Dunk Festival North,Leeds,04-Sep,2021,,Solo,,,,0,0,0
State Champs,Slam Dunk Festival North,Leeds,04-Sep,2021,,Solo,,,,0,0,0
Anti-Flag,Slam Dunk Festival North,Leeds,04-Sep,2021,,Solo,,,,0,0,0
Waterparks,Slam Dunk Festival North,Leeds,04-Sep,2021,,Solo,,,,0,0,0
Alkaline Trio,Slam Dunk Festival North,Leeds,04-Sep,2021,,Solo,,,,0,0,0
Holding Absence,Slam Dunk Festival North,Leeds,04-Sep,2021,,Solo,,,,0,0,0
Boston Manor,Slam Dunk Festival North,Leeds,04-Sep,2021,,Solo,,,,0,0,0
Frank Turner,Slam Dunk Festival North,Leeds,04-Sep,2021,,Solo,,,,0,0,0
Creeper,Slam Dunk Festival North,Leeds,04-Sep,2021,,Solo,,,,0,0,0
While She Sleeps,Slam Dunk Festival North,Leeds,04-Sep,2021,78.9,Solo,Festival,,,1,1,1
Porridge Radio,Wide Awake Festival,London,03-Sep,2021,,Katrina,,,,0,0,0
A Certain Ratio,Wide Awake Festival,London,03-Sep,2021,,Katrina,,,,0,0,0
Squid,Wide Awake Festival,London,03-Sep,2021,,Katrina,,,,0,0,0
PVA,Wide Awake Festival,London,03-Sep,2021,,Katrina,,,,0,0,0
Dry Cleaning,Wide Awake Festival,London,03-Sep,2021,,Katrina,,,,0,0,0
Goat Girl,Wide Awake Festival,London,03-Sep,2021,,Katrina,,,,0,0,0
Lynks,Wide Awake Festival,London,03-Sep,2021,,Katrina,,,,0,0,0
The Murder Capital,Wide Awake Festival,London,03-Sep,2021,,Katrina,,,,0,0,0
Slift,Wide Awake Festival,London,03-Sep,2021,,Katrina,,,,0,0,0
black midi,Wide Awake Festival,London,03-Sep,2021,,Katrina,,,,0,0,0
"Black Country, New Road",Wide Awake Festival,London,03-Sep,2021,,Katrina,,,,0,0,0
IDLES,Wide Awake Festival,London,03-Sep,2021,25.65,Katrina,Festival,,,1,1,1
Hot Milk,Kentish Town Forum,London,02-Sep,2021,,Katrina,,,,0,0,0
Trash Boat,Kentish Town Forum,London,02-Sep,2021,,Katrina,,,,0,0,0
Sleep Token,Kentish Town Forum,London,02-Sep,2021,5,Katrina,HMAs 21,,,1,1,1
The Academic,Leeds Festival,Bramham Park,29-Aug,2021,,Katrina,,,,0,0,0
Easy Life,Leeds Festival,Bramham Park,29-Aug,2021,,Katrina,Festival,,,0,0,0
Beabadoobee,Leeds Festival,Bramham Park,29-Aug,2021,,Katrina,,,,0,0,0
You Me at Six,Leeds Festival,Bramham Park,29-Aug,2021,,Katrina,,,,0,0,0
Gender Roles,Leeds Festival,Bramham Park,29-Aug,2021,,Katrina,,,,0,0,0
Two Door Cinema Club,Leeds Festival,Bramham Park,29-Aug,2021,,Katrina,,,,0,0,0
The Wombats,Leeds Festival,Bramham Park,29-Aug,2021,,Katrina,,,,0,0,0
DEAD POET SOCIETY,Leeds Festival,Bramham Park,29-Aug,2021,,Katrina,,,,0,0,0
iDKHOW,Leeds Festival,Bramham Park,29-Aug,2021,,Katrina,,,,0,0,0
Bob Vylan,Leeds Festival,Bramham Park,29-Aug,2021,,Katrina,,,,0,0,0
Badflower,Leeds Festival,Bramham Park,29-Aug,2021,,Katrina,,,,0,0,0
Loathe,Leeds Festival,Bramham Park,29-Aug,2021,,Katrina,,,,0,0,0
Holding Absence,Leeds Festival,Bramham Park,29-Aug,2021,77.4,Katrina,Festival,,,1,1,1
Mabel,Leeds Festival,Bramham Park,28-Aug,2021,,Katrina,,,,0,0,0
Aitch,Leeds Festival,Bramham Park,28-Aug,2021,,Katrina,,,,0,0,0
Sea Girls,Leeds Festival,Bramham Park,28-Aug,2021,,Katrina,,,,0,0,0
Bad Nerves,Leeds Festival,Bramham Park,28-Aug,2021,,Katrina,,,,0,0,0
Grace McKagan,Leeds Festival,Bramham Park,28-Aug,2021,,Katrina,,,,0,0,0
Stormzy,Leeds Festival,Bramham Park,28-Aug,2021,,Katrina,,,,0,0,0
YONAKA,Leeds Festival,Bramham Park,28-Aug,2021,,Katrina,,,,0,0,0
Sam Fender,Leeds Festival,Bramham Park,28-Aug,2021,,Katrina,,,,0,0,0
Don Broco,Leeds Festival,Bramham Park,28-Aug,2021,,Katrina,,,,0,0,0
Wargasm,Leeds Festival,Bramham Park,28-Aug,2021,,Katrina,,,,0,0,0
Chapter and Verse,Leeds Festival,Bramham Park,28-Aug,2021,,Katrina,,,,0,0,0
Demob Happy,Leeds Festival,Bramham Park,28-Aug,2021,,Katrina,,,,0,0,0
Sports Team,Leeds Festival,Bramham Park,28-Aug,2021,,Katrina,,,,0,0,0
Boston Manor,Leeds Festival,Bramham Park,28-Aug,2021,,Katrina,,,,0,0,0
Nothing But Thieves,Leeds Festival,Bramham Park,28-Aug,2021,,Katrina,,,,0,0,0
Catfish and the Bottlemen,Leeds Festival,Bramham Park,28-Aug,2021,,Katrina,,,,0,0,0
Dinosaur Pile-Up,Leeds Festival,Bramham Park,28-Aug,2021,77.4,Katrina,Festival,,,1,1,1
Baby Queen,Leeds Festival,Bramham Park,27-Aug,2021,,Katrina,,,,0,0,0
Gerry Cinnamon,Leeds Festival,Bramham Park,27-Aug,2021,,Katrina,,,,0,0,0
KSI,Leeds Festival,Bramham Park,27-Aug,2021,,Katrina,,,,0,0,0
Hot Milk,Leeds Festival,Bramham Park,27-Aug,2021,,Katrina,,,,0,0,0
The Struts,Leeds Festival,Bramham Park,27-Aug,2021,,Katrina,,,,0,0,0
Sophie and the Giants,Leeds Festival,Bramham Park,27-Aug,2021,,Katrina,,,,0,0,0
Neck Deep,Leeds Festival,Bramham Park,27-Aug,2021,,Katrina,,,,0,0,0
Stone,Leeds Festival,Bramham Park,27-Aug,2021,,Katrina,,,,0,0,0
Yard Act,Leeds Festival,Bramham Park,27-Aug,2021,,Katrina,,,,0,0,0
Blossoms,Leeds Festival,Bramham Park,27-Aug,2021,,Katrina,,,,0,0,0
YUNGBLUD,Leeds Festival,Bramham Park,27-Aug,2021,,Katrina,,,,0,0,0
Wolf Alice,Leeds Festival,Bramham Park,27-Aug,2021,,Katrina,,,,0,0,0
Liam Gallagher,Leeds Festival,Bramham Park,27-Aug,2021,,Katrina,,,,0,0,0
Biffy Clyro,Leeds Festival,Bramham Park,27-Aug,2021,77.4,Katrina,Festival,,,1,1,1
Creeper,Key Club,Leeds,22-Aug,2021,14,Katrina,,,,1,1,1
Creeper,Key Club,Leeds,22-Aug,2021,14,Katrina,,,,1,1,1
Nothing But Thieves,The Wardrobe,Leeds,17-Aug,2021,11.5,Katrina,,,,1,1,1
Witch Fever,Fulford Arms,York,05-Aug,2021,,"Katrina, Florian, Dylan",Support,Yes,wf050821.jpg,0,0,0
Bob Vylan,Fulford Arms,York,05-Aug,2021,11.5,"Katrina, Florian, Dylan",,,,1,1,1
Wargasm,Blondies,London,02-Aug,2021,0,Katrina,K! Pit,,,1,1,1
Luke Yates (Sounds of Swami),The Parish,Huddersfield,31-Jul,2021,,Katrina,Support,,,0,0,0
Jamie Lenman,The Parish,Huddersfield,31-Jul,2021,20,Katrina,,,,1,1,1
Architects,Stylus,Leeds,24-Jul,2021,17.98,Katrina,,,,1,1,1
The Hara,Tramlines Festival,Sheffield,23-Jul,2021,,Katrina,Festival,,,0,0,0
Shelley Byron and the Poison Sleep,Tramlines Festival,Sheffield,23-Jul,2021,,Katrina,Festival,Yes,sb230721.jpg,0,0,0
Slow Readers Club,Tramlines Festival,Sheffield,23-Jul,2021,,Katrina,Festival,,,0,0,0
The Blinders,Tramlines Festival,Sheffield,23-Jul,2021,,Katrina,Festival,,,0,0,0
Circa Waves,Tramlines Festival,Sheffield,23-Jul,2021,,Katrina,Festival,,,0,0,0
Red Rum Club,Tramlines Festival,Sheffield,23-Jul,2021,,Katrina,Festival,,,0,0,0
The Kooks,Tramlines Festival,Sheffield,23-Jul,2021,,Katrina,Festival,,,0,0,0
The Streets,Tramlines Festival,Sheffield,23-Jul,2021,66.5,Katrina,Festival,,,1,1,1
Seasick Steve,Brudenell Social Club (Main),Leeds,20-Jul,2021,15.33,Katrina,,Yes,ss200721.jpg,1,1,1
Shame,The Crescent,York,03-Jun,2021,16.5,Katrina,Socially distant,Yes,sh030621.jpg,1,1,1
Squid,New Adelphi Club,Hull,28-May,2021,11.75,Katrina,Socially distant,Yes,sq280521.jpg,1,1,1
Blue Stragglers,Signature Brew Taproom,London,20-May,2021,,Katrina,Support,,,0,0,0
Phoxjaw,Signature Brew Taproom,London,20-May,2021,15,Katrina,,Yes,pj200521.jpg,1,1,1
Avalanche Party,The Crescent,York,13-Dec,2020,8.8,Katrina,Socially distant,Yes,ap131220.jpg,1,1,1
Jess Guise,York Barbican,York,08-Mar,2020,,Solo,Support,,,0,0,0
Micah Schnabel,York Barbican,York,08-Mar,2020,,Solo,Support,,,0,0,0
Frank Turner,York Barbican,York,08-Mar,2020,38.4,Solo,,,,1,1,1
Sam Shields,Twice Brewed Brew House,Twice Brewed,29-Feb,2020,,"Katrina, Morag, Richard",Support,,,0,0,0
Ian K Brown,Twice Brewed Brew House,Twice Brewed,29-Feb,2020,,"Katrina, Morag, Richard",Support,,,0,0,0
The Celia Bryce Band,Twice Brewed Brew House,Twice Brewed,29-Feb,2020,0,"Katrina, Morag, Richard",,,,1,1,1
MiG 15,Brudenell Social Club (Community),Leeds,27-Feb,2020,,Florian,Support,,,0,0,0
Full Colour,Brudenell Social Club (Community),Leeds,27-Feb,2020,,Florian,Support,,,0,0,0
Love Fame Tragedy,Brudenell Social Club (Community),Leeds,27-Feb,2020,16.65,Florian,,Yes,lft270220.jpg,1,1,1
Lost In Lavender Town,Satan's Hollow,Manchester,22-Feb,2020,,Katrina,Support,,,0,0,0
Exploring Birdsong,Satan's Hollow,Manchester,22-Feb,2020,,Katrina,Support,,,0,0,0
Thank You Scientist,Satan's Hollow,Manchester,22-Feb,2020,11,Katrina,,,,1,1,1
Dream Theater,Hammersmith Apollo,London,21-Feb,2020,70.15,Solo,,,,1,1,1
Ill Japonia,Leeds Irish Centre,Leeds,19-Feb,2020,,Florian,Support,,,0,0,0
black midi,Leeds Irish Centre,Leeds,19-Feb,2020,14.8,Florian,,,,1,1,1
Post Animal,Leeds Academy,Leeds,16-Feb,2020,,Katrina,Support,,,0,0,0
SWMRS,Leeds Academy,Leeds,16-Feb,2020,,Katrina,Support,,,0,0,0
Cage the Elephant,Leeds Academy,Leeds,16-Feb,2020,33.42,Katrina,,,,1,1,1
Mannequin Pussy,Manchester Albert Hall,Manchester,08-Feb,2020,,Solo,Support,,,0,0,0
Spanish Love Songs,Manchester Albert Hall,Manchester,08-Feb,2020,,Solo,Support,,,0,0,0
The Menzingers,Manchester Albert Hall,Manchester,08-Feb,2020,21.35,Solo,,,,1,1,1
Sea Legs,Headrow House,Leeds,07-Feb,2020,,Katrina,Support,,,0,0,0
Wuzi,Headrow House,Leeds,07-Feb,2020,,Katrina,Support,,,0,0,0
King Nun,Headrow House,Leeds,07-Feb,2020,8.8,Katrina,,Yes,kn070220.jpg,1,1,1
Twin Atlantic,The Wardrobe,Leeds,28-Jan,2020,10,Florian,,,,1,1,1
Orchards,Fulford Arms,York,27-Jan,2020,,Solo,Support,,,0,0,0
Indoor Pets,Fulford Arms,York,27-Jan,2020,11,Solo,,,,1,1,1
Sarah Gargano,Huddersfield Library,Huddersfield,19-Jan,2020,,Katrina,Support,,,0,0,0
Jeffrey Lewis,Huddersfield Library,Huddersfield,19-Jan,2020,13.75,Katrina,,,,1,1,1
Dayglow,Sheffield Academy,Sheffield,18-Dec,2019,,Katrina,Support,,,0,0,0
Hobo Johnson,Sheffield Academy,Sheffield,18-Dec,2019,21.32,Katrina,,,,1,1,1
Crocodylus,Brudenell Social Club (Main),Leeds,04-Dec,2019,,Katrina,Support,,,0,0,0
Bad Dreems,Brudenell Social Club (Main),Leeds,04-Dec,2019,,Katrina,Support,,,0,0,0
The Chats,Brudenell Social Club (Main),Leeds,04-Dec,2019,17.75,Katrina,,Yes,tc041219.jpg,1,1,1
Higher Peaks,Boilershop,Newcastle,30-Nov,2019,,Katrina,Support,,,0,0,0
Band of Skulls,Boilershop,Newcastle,30-Nov,2019,17.6,Katrina,,Yes,bs301119.jpg,1,1,1
Alfie Templeman,The Wardrobe,Leeds,28-Nov,2019,,Katrina,Support,,,0,0,0
Sports Team,The Wardrobe,Leeds,28-Nov,2019,13.35,Katrina,,,,1,1,1
Holly Humberstone,Brudenell Social Club (Community),Leeds,20-Nov,2019,,Jack,Support,,,0,0,0
Rhys Lewis,Brudenell Social Club (Community),Leeds,20-Nov,2019,14.75,Jack,,,,1,1,1
Jade Bird,Stylus,Leeds,15-Nov,2019,19,Katrina,,,,1,1,1
Static Dress,Venue 229,London,01-Nov,2019,,Katrina,Support,,,0,0,0
Creeper,Venue 229,London,01-Nov,2019,21.38,Katrina,,,,1,1,1
Refused,Manchester Academy 1,Manchester,31-Oct,2019,,Solo,Support,,,0,0,0
Thrice,Manchester Academy 1,Manchester,31-Oct,2019,35.5,Solo,,,,1,1,1
Rex Orange County,Leeds Academy,Leeds,28-Oct,2019,13.5,Katrina,,,,1,1,1
Blackout Problems,Brudenell Social Club (Main),Leeds,24-Oct,2019,,Henry,Support,,,0,0,0
Royal Republic,Brudenell Social Club (Main),Leeds,24-Oct,2019,18.55,Henry,,Yes,rr241019.jpg,1,1,1
Foals,Leeds Beckett Students Union,Leeds,24-Oct,2019,13.5,Henry,,,,1,1,1
John Mayer,Manchester Arena,Manchester,18-Oct,2019,50.3,Katrina,,,,1,1,1
Mayshe Mayshe,The Crescent,York,15-Oct,2019,,Florian,Support,,,0,0,0
Dream Nails,The Crescent,York,15-Oct,2019,,Florian,Support,,,0,0,0
She Drew the Gun,The Crescent,York,15-Oct,2019,13.2,Florian,,,,1,1,1
Leopard Rays,Georgian Theatre,Stockton,09-Oct,2019,,Katrina,Support,,,0,0,0
Pulled Apart By Horses,Georgian Theatre,Stockton,09-Oct,2019,13.6,Katrina,,,,1,1,1
Exploring Birdsong,Manchester Academy 3,Manchester,04-Oct,2019,,Florian,Support,,,0,0,0
Sleep Token,Manchester Academy 3,Manchester,04-Oct,2019,30,Florian,,,,1,1,1
Borderline,Basement York,York,03-Oct,2019,,Katrina,Support,,,0,0,0
Chapter and Verse,Basement York,York,03-Oct,2019,,Katrina,Support,,,0,0,0
Press to Meco,Basement York,York,03-Oct,2019,8,Katrina,,,,1,1,1
Microwave,Manchester Academy 3,Manchester,25-Sep,2019,,Solo,Support,,,0,0,0
Tiny Moving Parts,Manchester Academy 3,Manchester,25-Sep,2019,15.25,Solo,,,,1,1,1
Ann Arbor,Deaf Institute,Manchester,24-Sep,2019,,Solo,Support,,,0,0,0
Lizzy Farrall,Deaf Institute,Manchester,24-Sep,2019,,Solo,Support,,,0,0,0
Aaron West,Deaf Institute,Manchester,24-Sep,2019,13.2,Solo,,,,1,1,1
Phoebe Green,EartH,London,28-Aug,2019,,Solo,Support,,,0,0,0
Sundara Karma,EartH,London,28-Aug,2019,20,Solo,,,,1,1,1
Hockey Dad,Leeds Festival,Bramham Park,24-Aug,2019,,Katrina,Festival,,,0,0,0
PUP,Leeds Festival,Bramham Park,24-Aug,2019,,Katrina,Festival,,,0,0,0
Patent Pending,Leeds Festival,Bramham Park,24-Aug,2019,,Katrina,Festival,,,0,0,0
Zuzu,Leeds Festival,Bramham Park,24-Aug,2019,,Katrina,Festival,,,0,0,0
Drenge,Leeds Festival,Bramham Park,24-Aug,2019,,Katrina,Festival,,,0,0,0
Dream State,Leeds Festival,Bramham Park,24-Aug,2019,,Katrina,Festival,,,0,0,0
iDKHOW,Leeds Festival,Bramham Park,24-Aug,2019,,Katrina,Festival,,,0,0,0
Twisted Wheel,Leeds Festival,Bramham Park,24-Aug,2019,,Katrina,Festival,,,0,0,0
Twin Atlantic,Leeds Festival,Bramham Park,24-Aug,2019,,Katrina,Festival,,,0,0,0
You Me at Six,Leeds Festival,Bramham Park,24-Aug,2019,,Katrina,Festival,,,0,0,0
The Wombats,Leeds Festival,Bramham Park,24-Aug,2019,,Katrina,Festival,,,0,0,0
Black Honey,Leeds Festival,Bramham Park,24-Aug,2019,,Katrina,Festival,,,0,0,0
Royal Blood,Leeds Festival,Bramham Park,24-Aug,2019,,Katrina,Festival,,,0,0,0
The Maine,Leeds Festival,Bramham Park,24-Aug,2019,,Katrina,Festival,,,0,0,0
Hobo Johnson,Leeds Festival,Bramham Park,24-Aug,2019,,Katrina,Festival,,,0,0,0
The 1975,Leeds Festival,Bramham Park,24-Aug,2019,79.75,Katrina,Festival,,,1,1,1
The Loose Cut,Leeds Festival,Bramham Park,23-Aug,2019,,Katrina,Festival,,,0,0,0
Plague Vendor,Leeds Festival,Bramham Park,23-Aug,2019,,Katrina,Festival,,,0,0,0
The Faim,Leeds Festival,Bramham Park,23-Aug,2019,,Katrina,Festival,,,0,0,0
Enter Shikari,Leeds Festival,Bramham Park,23-Aug,2019,,Katrina,Festival,,,0,0,0
Stand Atlantic,Leeds Festival,Bramham Park,23-Aug,2019,,Katrina,Festival,,,0,0,0
Frank Carter,Leeds Festival,Bramham Park,23-Aug,2019,,Katrina,Festival,,,0,0,0
FIDLAR,Leeds Festival,Bramham Park,23-Aug,2019,,Katrina,Festival,,,0,0,0
Enter Shikari,Leeds Festival,Bramham Park,23-Aug,2019,,Katrina,Festival,,,0,0,0
Foo Fighters,Leeds Festival,Bramham Park,23-Aug,2019,79.75,Katrina,Festival,,,1,1,1
Hobo Johnson,Pryzm,London,21-Aug,2019,22,Solo,,,,1,1,1
Ed The Dog,The Sebright Arms,London,19-Aug,2019,,Solo,Support,,,0,0,0
Indoor Pets,The Sebright Arms,London,19-Aug,2019,,Solo,Support,,,0,0,0
Swimming Girls,The Sebright Arms,London,19-Aug,2019,,Solo,Support,,,0,0,0
The Vaccines,The Sebright Arms,London,19-Aug,2019,0,Solo,,,,1,1,1
Marthagunn,Citadel Festival,London,14-Jul,2019,,Florian,Festival,,,0,0,0
Bill Jefferson,Citadel Festival,London,14-Jul,2019,,Florian,Festival,,,0,0,0
Balcony,Citadel Festival,London,14-Jul,2019,,Florian,Festival,,,0,0,0
The Murder Capital,Citadel Festival,London,14-Jul,2019,,Florian,Festival,,,0,0,0
Inhaler,Citadel Festival,London,14-Jul,2019,,Florian,Festival,,,0,0,0
The Coronas,Citadel Festival,London,14-Jul,2019,,Florian,Festival,,,0,0,0
Banfi,Citadel Festival,London,14-Jul,2019,,Florian,Festival,,,0,0,0
DMA's,Citadel Festival,London,14-Jul,2019,,Florian,Festival,,,0,0,0
Jade Bird,Citadel Festival,London,14-Jul,2019,,Florian,Festival,,,0,0,0
Cleopatrick,Citadel Festival,London,14-Jul,2019,,Florian,Festival,,,0,0,0
Dream Wife,Citadel Festival,London,14-Jul,2019,,Florian,Festival,,,0,0,0
Fontaines D.C.,Citadel Festival,London,14-Jul,2019,,Florian,Festival,,,0,0,0
Friendly Fires,Citadel Festival,London,14-Jul,2019,,Florian,Festival,,,0,0,0
Bastille,Citadel Festival,London,14-Jul,2019,,Florian,Festival,,,0,0,0
Catfish and the Bottlemen,Citadel Festival,London,14-Jul,2019,23.25,Florian,Festival,,,1,1,1
Jamie Lenman,Islington Academy,London,07-Jul,2019,,Katrina,Lenmania,Yes,jl070719.jpg,0,0,0
False Advertising,Islington Academy,London,07-Jul,2019,,Katrina,Lenmania,,,0,0,0
Frauds,Islington Academy,London,07-Jul,2019,,Katrina,Lenmania,,,0,0,0
Orchards,Islington Academy,London,07-Jul,2019,,Katrina,Lenmania,,,0,0,0
Jamie Lenman,Islington Academy,London,07-Jul,2019,22.2,Katrina,Lenmania,,,1,1,1
Lyoness,The Old Blue Last,London,06-Jul,2019,,Katrina,Support,,,0,0,0
Witch Fever,The Old Blue Last,London,06-Jul,2019,,Katrina,Support,,,0,0,0
Gold Key,The Old Blue Last,London,06-Jul,2019,0,Katrina,,,,1,1,1
Petrol Girls,Electric Brixton,London,02-Jul,2019,,Solo,Support,,,0,0,0
Milk Teeth,Electric Brixton,London,02-Jul,2019,,Solo,Support,,,0,0,0
La Dispute,Electric Brixton,London,02-Jul,2019,26.1,Solo,,,,1,1,1
Alan Cowley,Club 85,Hitchin,30-Jun,2019,,Solo,Support,,,0,0,0
Jeffrey Lewis,Club 85,Hitchin,30-Jun,2019,13.2,Solo,,,,1,1,1
Ghost,Twickenham,London,20-Jan,2019,,Ollie Devlin,Support,,,0,0,0
Metallica,Twickenham,London,20-Jun,2019,35,Ollie Devlin,,,,1,1,1
Pale Waves,City of Manchester Stadium,Manchester,08-Jun,2019,,"Katrina, Richard",Support,,,0,0,0
Tom Morello,City of Manchester Stadium,Manchester,08-Jun,2019,,"Katrina, Richard",Support,,,0,0,0
Muse,City of Manchester Stadium,Manchester,08-Jun,2019,77.2,"Katrina, Richard",,,,1,1,1
Never Not Nothing,All Points East,London,31-May,2019,,Solo,Festival,,,0,0,0
Employed To Serve,All Points East,London,31-May,2019,,Solo,Festival,,,0,0,0
Sleeping With Sirens,All Points East,London,31-May,2019,,Solo,Festival,,,0,0,0
IDLES,All Points East,London,31-May,2019,,Solo,Festival,,,0,0,0
Nothing But Thieves,All Points East,London,31-May,2019,,Solo,Festival,,,0,0,0
While She Sleeps,All Points East,London,31-May,2019,,Solo,Festival,,,0,0,0
Architects,All Points East,London,31-May,2019,,Solo,Festival,,,0,0,0
Bring Me the Horizon,All Points East,London,31-May,2019,67.35,Solo,Festival,,,1,1,1
Your Life and Mine,The Parish,Huddersfield,17-May,2019,,Katrina,Support,,,0,0,0
The Escape Artist,The Parish,Huddersfield,17-May,2019,,Katrina,Support,,,0,0,0
Delaire The Liar,The Parish,Huddersfield,17-May,2019,,Katrina,Support,,,0,0,0
Chapter and Verse,The Parish,Huddersfield,17-May,2019,6.6,Katrina,,,,1,1,1
Catherine McGrath,Boilershop,Newcastle,05-May,2019,,"Katrina, Florian",Festival,,,0,0,0
Jamie Lee Harrison,Think Tank Underground,Newcastle,05-May,2019,,"Katrina, Florian",Festival,,,0,0,0
Pip Blom,Think Tank,Newcastle,05-May,2019,,"Katrina, Florian",Festival,Yes,pb050519.jpg,0,1,0
Swimming Tapes,Think Tank Underground,Newcastle,05-May,2019,,"Katrina, Florian",Festival,Yes,st050519.jpg,0,1,0
Sophie and the Giants,Boilershop,Newcastle,05-May,2019,,"Katrina, Florian",Festival,,,0,0,0
Ed The Dog,Riverside 2,Newcastle,05-May,2019,,"Katrina, Florian",Festival,,,0,1,0
Elli Ingram,Riverside,Newcastle,05-May,2019,,"Katrina, Florian",Festival,,,0,0,0
Sports Team,Riverside,Newcastle,05-May,2019,,"Katrina, Florian",Festival,,,0,0,0
Blaenavon,Boilershop,Newcastle,05-May,2019,,"Katrina, Florian",Festival,,,0,1,0
Mini Mansions,Riverside,Newcastle,05-May,2019,16.5,"Katrina, Florian",Festival,Yes,mm050519.jpg,1,1,1
The Murderburgers,Key Club,Leeds,16-Apr,2019,,Katrina,Support,,,0,0,0
Joyce Manor,Key Club,Leeds,16-Apr,2019,17.75,Katrina,,,,1,1,1
Bearings,Key Club,Leeds,13-Apr,2019,,Katrina,Support,,,0,0,0
VUKOVI,Key Club,Leeds,13-Apr,2019,,Katrina,Support,,,0,0,0
Set It Off,Key Club,Leeds,13-Apr,2019,14.45,Katrina,,,,1,1,1
Neon Salmon,Basement York,York,03-Mar,2019,,Florian,Support,,,0,0,0
FEVA,Basement York,York,03-Mar,2019,,Florian,Support,,,0,0,0
The Pale White,Basement York,York,03-Mar,2019,8.8,Florian,,,,1,1,1
Heirloom,Reds Bar,Newcastle,27-Feb,2019,,Katrina,Support,,,0,0,0
Sick Joy,Reds Bar,Newcastle,27-Feb,2019,,Katrina,Support,,,0,0,0
Demob Happy,Reds Bar,Newcastle,27-Feb,2019,12.25,Katrina,,,,1,1,1
Matthew Maltese,Stylus,Leeds,25-Feb,2019,,Katrina,Support,,,0,0,0
The Lemon Twigs,Stylus,Leeds,25-Feb,2019,17.43,Katrina,,Yes,lt250219.jpg,1,1,1
Never Not Nothing,Fibbers,York,23-Feb,2019,,Katrina,Support,,,0,0,0
Frank Carter,Fibbers,York,23-Feb,2019,21.25,Katrina,,,,1,1,1
Jimmy Eat World,Leeds Arena,Leeds,27-Jan,2019,,Solo,Support,,,0,0,0
Frank Turner,Leeds Arena,Leeds,27-Jan,2019,20,Solo,,,,1,1,1
Cake,Brudenell Social Club (Community),Leeds,21-Jan,2019,28.48,Katrina,,,,1,1,1
Surfbort,Brixton Academy,London,19-Dec,2018,,Florian,Support,,,0,0,0
Nova Twins,Brixton Academy,London,19-Dec,2018,,Florian,Support,,,0,0,0
Wolf Alice,Brixton Academy,London,19-Dec,2018,31.25,Florian,,,,1,1,1
YUNGBLUD,Royal Albert Hall,London,03-Dec,2018,,Katrina,Support,,,0,0,0
Muse,Royal Albert Hall,London,03-Dec,2018,107.75,Katrina,,,,1,1,1
Haggard Cat,Metropolis Studios,London,29-Nov,2018,,Katrina,Support,,,0,0,0
Band of Skulls,Metropolis Studios,London,29-Nov,2018,0,Katrina,,,,1,1,1
Demob Happy,Manchester Apollo,Manchester,20-Nov,2018,,Katrina,Support,,,0,0,0
Sunset Suns,Manchester Apollo,Manchester,20-Nov,2018,,Katrina,Support,,,0,0,0
Nothing But Thieves,Manchester Apollo,Manchester,20-Nov,2018,31.92,Katrina,,,,1,1,1
Willie J Healey,Leeds Academy,Leeds,19-Nov,2018,,Katrina,Support,,,0,0,0
Lady Bird,Leeds Academy,Leeds,19-Nov,2018,,Katrina,Support,,,0,0,0
Soft Play,Leeds Academy,Leeds,19-Nov,2018,23.75,Katrina,,,,1,1,1
Ecca Vandal,Stylus,Leeds,17-Nov,2018,,Solo,Support,,,0,0,0
Joyce Manor,Stylus,Leeds,17-Nov,2018,,Solo,Support,,,0,0,0
Basement,Stylus,Leeds,17-Nov,2018,21.45,Solo,,,,1,1,1
Naked Giants,Manchester Albert Hall,Manchester,07-Nov,2018,,Solo,Support,,,0,0,0
Car Seat Headrest,Manchester Albert Hall,Manchester,07-Nov,2018,21.75,Solo,,,,1,1,1
Delaire The Liar,Koko,London,01-Nov,2018,,Solo,Support,,,0,0,0
Puppy,Koko,London,01-Nov,2018,,Solo,Support,,,0,0,0
Creeper,Koko,London,01-Nov,2018,21.94,Solo,,,,1,1,1
Bryde,Think Tank,Newcastle,22-Oct,2018,,Katrina,Support,,,0,0,0
Arcane Roots,Think Tank,Newcastle,22-Oct,2018,0,Katrina,,Yes,ar221018.jpg,1,1,1
Gold Key,Key Club,Leeds,16-Oct,2018,,Katrina,Support,Yes,gk161018.jpg,0,0,0
Bossk,Key Club,Leeds,16-Oct,2018,,Katrina,Support,,,0,0,0
Black Peaks,Key Club,Leeds,16-Oct,2018,14.45,Katrina,,,,1,1,1
Bryde,Gorilla,Manchester,15-Oct,2018,,Katrina,Support,,,0,0,0
Arcane Roots,Gorilla,Manchester,15-Oct,2018,17.75,Katrina,,Yes,ar151018.jpg,1,1,1
Pepe Sylvia,Santiago's Bar,Leeds,04-Oct,2018,,Katrina,Support,,,0,0,0
Coffee Breath,Santiago's Bar,Leeds,04-Oct,2018,,Katrina,Support,,,0,0,0
Redwood,Santiago's Bar,Leeds,04-Oct,2018,5,Katrina,,,,1,1,1
ormstons,Oporto,Leeds,02-Oct,2018,,Katrina,Support,,,0,0,0
Courtyards,Oporto,Leeds,02-Oct,2018,,Katrina,Support,,,0,0,0
Airways,Oporto,Leeds,02-Oct,2018,8.95,Katrina,,,,1,1,1
Rex Orange County,Manchester Albert Hall,Manchester,26-Sep,2018,19.09,"Katrina, Sam Meadows, Amber", ,,,1,1,1
Semistereo,De Pul,Uden,21-Sep,2018,,Katrina,Support,,,0,0,0
All Points North,De Pul,Uden,21-Sep,2018,,Katrina,Support,,,0,0,0
Arcane Roots,De Pul,Uden,21-Sep,2018,9.88,Katrina,,,,1,1,1
Household Dogs,Brudenell Social Club (Community),Leeds,19-Sep,2018,,Katrina,Support,,,0,0,0
The Golden Age of TV,Brudenell Social Club (Community),Leeds,19-Sep,2018,,Katrina,Support,,,0,0,0
Fizzy Blood,Brudenell Social Club (Community),Leeds,19-Sep,2018,10.05,Katrina,,,,1,1,1
The Lemon Twigs,Sheffield Arena,Sheffield,18-Sep,2018,,Katrina,Support,,,0,0,0
Arctic Monkeys,Sheffield Arena,Sheffield,18-Sep,2018,68.42,Katrina,,,,1,1,1
Out Cold,The Fighting Cocks Kingston,London,23-Aug,2018,,Solo,Support,,,0,0,0
Trophy Eyes,The Fighting Cocks Kingston,London,23-Aug,2018,18.6,Solo,,,,1,1,1
Mouse On The Keys,Islington Assembly Hall,London,17-Aug,2018,,Solo,Support,,,0,0,0
La Dispute,Islington Assembly Hall,London,17-Aug,2018,26.95,Solo,,,,1,1,1
Nile Rodgers and Chic,July Course,Newmarket,10-Aug,2018,0,Dad,NN,,,1,1,1
Mellor,The Horn,St Albans,07-Aug,2018,,"Matt Coote, Megan, Eleanor, Lewis Sallows, Lewis Deakin Davies",Support,,,0,0,0
Didi,The Horn,St Albans,07-Aug,2018,5,"Matt Coote, Megan, Eleanor, Lewis Sallows, Lewis Deakin Davies", ,,,1,1,1
Plan B,July Course,Newmarket,27-Jul,2018,0,Dad,NN,,,1,1,1
Alfie Scully,Mudlarks Vegan Cafe,Hertford,26-Jul,2018,,"Matt Coote, Megan, Eleanor",Support,,,0,0,0
Redwood,Mudlarks Vegan Cafe,Hertford,26-Jul,2018,0,"Matt Coote, Megan, Eleanor", ,,,1,1,1
Airways,Mama Liz's,Stamford,21-Jul,2018,8.8,Katrina,,,,1,1,1
Boston Manor,The Forum,Hatfield,13-Jul,2018,,Katrina,Support,,,0,0,0
Enter Shikari,The Forum,Hatfield,13-Jul,2018,27.5,Katrina,,,,1,1,1
Shirt,Hammersmith Apollo,London,26-Jun,2018,,Katrina,Support,,,0,0,0
Jack White,Hammersmith Apollo,London,26-Jun,2018,61,Katrina,,,,1,1,1
Black Moth Super Rainbow,Royal Festival Hall,London,22-Jun,2018,,Katrina,Support,,,0,0,0
Nine Inch Nails,Royal Festival Hall,London,22-Jun,2018,30.38,Katrina,,,,1,1,1
The Faim,Fibbers,York,13-May,2018,,Katrina,Support,,,0,0,0
Boston Manor,Fibbers,York,13-May,2018,,Katrina,Support,,,0,0,0
Lower Than Atlantis,Fibbers,York,13-May,2018,19.4,Katrina,,,,1,1,1
Conflare,Jimmy's,Manchester,03-May,2018,,Katrina,Support,,,0,0,0
Jack Conman,Jimmy's,Manchester,03-May,2018,,Katrina,Support,,,0,0,0
Airways,Jimmy's,Manchester,03-May,2018,6.75,Katrina,,,,1,1,1
To Kill A King,Royal Albert Hall,London,16-Apr,2018,,Lucy,Support,,,0,0,0
Bastille,Royal Albert Hall,London,16-Apr,2018,50.75,Lucy,,,,1,1,1
AW,Islington Academy,London,12-Apr,2018,,Solo,Support,,,0,0,0
The Wonder Years,Islington Academy,London,12-Apr,2018,,Solo,Support,,,0,0,0
The Wonder Years,Islington Academy,London,12-Apr,2018,22.2,Solo,,,,1,1,1
Preservation Hall Jazz Band,Wembley Arena,London,11-Apr,2018,,Solo,Support,,,0,0,0
Arcade Fire,Wembley Arena,London,11-Apr,2018,66.18,Solo,,,,1,1,1
Against the Current,Millenium Dome,London,31-Mar,2018,,Katrina,Support,,,0,0,0
Fall Out Boy,Millenium Dome,London,31-Mar,2018,51.75,Katrina,,,,1,1,1
Honey Arcade,Lending Room,Leeds,12-Mar,2018,,Katrina,Support,,,0,0,0
Brand New Friend,Lending Room,Leeds,12-Mar,2018,,Katrina,Support,,,0,0,0
Pretty Vicious,Lending Room,Leeds,12-Mar,2018,10.05,Katrina,,,,1,1,1
Arcane Roots,Gorilla,Manchester,02-Mar,2018,15.55,Katrina,,,,1,1,1
Koyo (UK),Headrow House,Leeds,24-Feb,2018,,Henry,Support,,,0,0,0
Forever Cult,Headrow House,Leeds,24-Feb,2018,,Henry,Support,,,0,0,0
Fizzy Blood,Headrow House,Leeds,24-Feb,2018,10.05,Henry,,,,1,1,1
Rival Bones,Soup Kitchen,Manchester,22-Feb,2018,,Katrina,Support,,,0,0,0
Forever Cult,Soup Kitchen,Manchester,22-Feb,2018,,Katrina,Support,,,0,0,0
Fizzy Blood,Soup Kitchen,Manchester,22-Feb,2018,10.05,Katrina,,Yes,fb220218.jpg,1,1,1
Valeras,The Underground,Bradford,11-Feb,2018,,Florian,Support,,,0,0,0
The Night Cafe,The Underground,Bradford,11-Feb,2018,,Florian,Support,,,0,0,0
The Wombats,The Underground,Bradford,11-Feb,2018,20,Florian,,,,1,1,1
Good Tiger,Manchester Academy 2,Manchester,26-Jan,2018,,Katrina,Support,,,0,0,0
Mingle Harde,Manchester Academy 2,Manchester,26-Jan,2018,17.6,Katrina,,,,1,1,1
Marilyn Manson,Manchester Apollo,Manchester,04-Dec,2017,39.88,Katrina,,,,1,1,1
Ecca Vandal,Manchester Ritz,Manchester,03-Dec,2017,,Katrina,Support,,,0,0,0
Basement,Manchester Ritz,Manchester,03-Dec,2017,,Katrina,Support,,,0,0,0
Frank Carter,Manchester Ritz,Manchester,03-Dec,2017,20.88,Katrina,,,,1,1,1
Solsara,The Flapper,Birmingham,27-Nov,2017,,Katrina,Support,,,0,0,0
You Win Again Gravity,The Flapper,Birmingham,27-Nov,2017,,Katrina,Support,,,0,0,0
Thank You Scientist,The Flapper,Birmingham,27-Nov,2017,10,Katrina,,,,1,1,1
Astroid Boys,Victoria Warehouse,Manchester,21-Nov,2017,,Katrina,Support,,,0,0,0
Lower Than Atlantis,Victoria Warehouse,Manchester,21-Nov,2017,,Katrina,Support,,,0,0,0
Enter Shikari,Victoria Warehouse,Manchester,21-Nov,2017,30.25,Katrina,,,,1,1,1
Broncho,Manchester Arena,Manchester,19-Nov,2017,,Katrina,Support,,,0,0,0
Queens of the Stone Age,Manchester Arena,Manchester,19-Nov,2017,48.13,Katrina,,,,1,1,1
Black Honey,Leeds Arena,Leeds,17-Nov,2017,,Katrina,Support,,,0,0,0
At The Drive In,Leeds Arena,Leeds,17-Nov,2017,,Katrina,Support,,,0,0,0
Royal Blood,Leeds Arena,Leeds,17-Nov,2017,39.28,Katrina,,,,1,1,1
Alex Cameron,Manchester Arena,Manchester,14-Nov,2017,,Bea,Support,,,0,0,0
The Killers,Manchester Arena,Manchester,14-Nov,2017,64.3,Bea,,,,1,1,1
PEARS,Leeds Academy,Leeds,04-Nov,2017,,Matt Barnfield,Support,,,0,0,0
Sleeping With Sirens,Leeds Academy,Leeds,04-Nov,2017,,Matt Barnfield,Support,,,0,0,0
Rise Against,Leeds Academy,Leeds,04-Nov,2017,37.27,Matt Barnfield,,,,1,1,1
Part Time Miserables,Fibbers,York,03-Nov,2017,,Jack,Support,,,0,0,0
Sam Fender,Fibbers,York,03-Nov,2017,,Jack,Support,,,0,0,0
VANT,Fibbers,York,03-Nov,2017,12.28,Jack,,,,1,1,1
China Lane,Manchester Academy 3,Manchester,25-Oct,2017,,Katrina,Support,,,0,0,0
The Hoosiers,Manchester Academy 3,Manchester,25-Oct,2017,17.75,Katrina,,,,1,1,1
False Flags,Key Club,Leeds,17-Oct,2017,,Katrina,Support,,,0,0,0
Gold Key,Key Club,Leeds,17-Oct,2017,,Katrina,Support,,,0,0,0
Arcane Roots,Key Club,Leeds,17-Oct,2017,15.55,Katrina,,,,1,1,1
hot shorts,Deaf Institute,Manchester,08-Oct,2017,,Katrina,Support,,,0,0,0
Jeffrey Lewis,Deaf Institute,Manchester,08-Oct,2017,14.75,Katrina,,,,1,1,1
Joe Goddard,Warehouse Project,Manchester,17-Sep,2017,,Katrina,Support,,,0,0,0
LCD Soundsystem,Warehouse Project,Manchester,17-Sep,2017,39.25,Katrina,,,,1,1,1
X Ambassadors,Leeds Festival,Bramham Park,25-Aug,2017,,Katrina,Festival,,,0,0,0
Otherkin,Leeds Festival,Bramham Park,25-Aug,2017,,Katrina,Festival,,,0,0,0
RavenEye,Leeds Festival,Bramham Park,25-Aug,2017,,Katrina,Festival,,,0,0,0
Sløtface,Leeds Festival,Bramham Park,25-Aug,2017,,Katrina,Festival,,,0,0,0
Pond,Leeds Festival,Bramham Park,25-Aug,2017,,Katrina,Festival,,,0,0,0
The Sherlocks,Leeds Festival,Bramham Park,25-Aug,2017,,Katrina,Festival,,,0,0,0
Blossoms,Leeds Festival,Bramham Park,25-Aug,2017,,Katrina,Festival,,,0,0,0
Liam Gallagher,Leeds Festival,Bramham Park,25-Aug,2017,,Katrina,Festival,,,0,0,0
Fizzy Blood,Leeds Festival,Bramham Park,25-Aug,2017,,Katrina,Festival,,,0,0,0
Queens of the Stone Age,Leeds Festival,Bramham Park,25-Aug,2017,,Katrina,Festival,,,0,0,0
Muse,Leeds Festival,Bramham Park,25-Aug,2017,78.5,Katrina,Festival,,,1,1,1
Muse,Shepherds Bush Empire,London,22-Aug,2017,78.25,Katrina,,,,1,1,1
Junun,Old Trafford,Manchester,04-Jul,2017,,Katrina,Support,,,0,0,0
Radiohead,Old Trafford,Manchester,04-Jul,2017,83.75,Katrina,,,,1,1,1
Redfaces,Community Festival,London,01-Jul,2017,,Ollie Bass,Festival,,,0,0,0
Fickle Friends,Community Festival,London,01-Jul,2017,,Ollie Bass,Festival,,,0,0,0
Darlia,Community Festival,London,01-Jul,2017,,Ollie Bass,Festival,,,0,0,0
The Hunna,Community Festival,London,01-Jul,2017,,Ollie Bass,Festival,,,0,0,0
Nothing But Thieves,Community Festival,London,01-Jul,2017,,Ollie Bass,Festival,,,0,0,0
Soft Play,Community Festival,London,01-Jul,2017,,Ollie Bass,Festival,,,0,0,0
The Wombats,Community Festival,London,01-Jul,2017,,Ollie Bass,Festival,,,0,0,0
Catfish and the Bottlemen,Community Festival,London,01-Jul,2017,42.03,Ollie Bass,Festival,,,1,1,1
Cortes,Fibbers,York,30-May,2017,,Katrina,Support,,,0,0,0
Airways,Fibbers,York,30-May,2017,,Katrina,Support,,,0,0,0
Nothing But Thieves,Fibbers,York,30-May,2017,19.55,Katrina,,,,1,1,1
Fizzy Blood,Fibbers,York,20-Apr,2017,,Chris,Support,,,0,0,0
In Hearts Wake,Fibbers,York,20-Apr,2017,,Chris,Support,,,0,0,0
While She Sleeps,Fibbers,York,20-Apr,2017,17.75,Chris,,,,1,1,1
Dream Theater,Manchester Apollo,Manchester,19-Apr,2017,56.7,Katrina,,,,1,1,1
Scott Quinn,Oporto,Leeds,12-Apr,2017,,Jack,Support,,,0,0,0
Arc,Oporto,Leeds,12-Apr,2017,,Jack,Support,,,0,0,0
Dan Owen,Oporto,Leeds,12-Apr,2017,10.05,Jack,,,,1,1,1
Liberatae Mae ,Fruit,Hull,28-Mar,2017,,Katrina,Support,,,0,0,0
Mathletics,Fruit,Hull,28-Mar,2017,,Katrina,Support,,,0,0,0
Arcane Roots,Fruit,Hull,28-Mar,2017,13.2,Katrina,,,,1,1,1
Roam,Leeds Academy,Leeds,13-Mar,2017,,Katrina,Support,,,0,0,0
Hands Like Houses,Leeds Academy,Leeds,13-Mar,2017,,Katrina,Support,,,0,0,0
Young Guns,Leeds Academy,Leeds,13-Mar,2017,,Katrina,Support,,,0,0,0
Lower Than Atlantis,Leeds Academy,Leeds,13-Mar,2017,18.85,Katrina,,,,1,1,1
Faux Pas,Fibbers,York,06-Mar,2017,,Katrina,Support,,,0,0,0
Oddity Road,Fibbers,York,06-Mar,2017,,Katrina,Support,,,0,0,0
The Sherlocks,Fibbers,York,06-Mar,2017,11.15,Katrina,,,,1,1,1
The Smyths,Fibbers,York,25-Feb,2017,12.28,Katrina,,,,1,1,1
Felix Hagan,UEA SU,Norwich,11-Dec,2016,,"Megan, Eleanor, Courtney",Support,,,0,0,0
Esmé Patterson,UEA SU,Norwich,11-Dec,2016,,"Megan, Eleanor, Courtney",Support,,,0,0,0
Frank Turner,UEA SU,Norwich,11-Dec,2016,30.23,"Megan, Eleanor, Courtney", ,,,1,1,1
Brand New,Leeds Arena,Leeds,04-Dec,2016,,Ollie Bass,Support,,,0,0,0
Biffy Clyro,Leeds Arena,Leeds,04-Dec,2016,43.83,Ollie Bass,,,,1,1,1
Felix Hagan,Doncaster Dome,Doncaster,23-Nov,2016,,Katrina,Support,,,0,0,0
Esmé Patterson,Doncaster Dome,Doncaster,23-Nov,2016,,Katrina,Support,,,0,0,0
Frank Turner,Doncaster Dome,Doncaster,23-Nov,2016,30.96,Katrina,,,,1,1,1
Dan Owen,Manchester Academy 2,Manchester,22-Nov,2016,,Jack,Support,,,0,0,0
Kaleo,Manchester Academy 2,Manchester,22-Nov,2016,15.7,Jack,,,,1,1,1
Tears For Fears,July Course,Newmarket,29-Jul,2016,0,Dad,NN,,,1,1,1
Kaiser Chiefs,July Course,Newmarket,15-Jul,2016,0,Dad,NN,,,1,1,1
All Tvvins,Scala,London,12-Jul,2016,,Ollie Bass,Support,,,0,0,0
Twin Atlantic,Scala,London,12-Jul,2016,21.05,Ollie Bass,,,,1,1,1
Phantogram,Millenium Dome,London,11-Apr,2016,,Josh,Support,,,0,0,0
Muse,Millenium Dome,London,11-Apr,2016,79.65,Josh,,,,1,1,1
Nothing But Thieves,Manchester Arena,Manchester,08-Apr,2016,,Ollie Bass,Support,,,0,0,0
Muse,Manchester Arena,Manchester,08-Apr,2016,72.97,Ollie Bass,,,,1,1,1
Jagwar Ma,Manchester Arena,Manchester,11-Feb,2016,,Avjeet,Support,,,0,0,0
Tame Impala,Manchester Arena,Manchester,11-Feb,2016,29.25,Avjeet,,,,1,1,1
Wonk Unit,Leeds Academy,Leeds,10-Jan,2016,,Solo,Support,,,0,0,0
Spring King,Leeds Academy,Leeds,10-Jan,2016,,Solo,Support,,,0,0,0
Soft Play,Leeds Academy,Leeds,10-Jan,2016,17.1,Solo,,,,1,1,1
The Horrors,Leeds Arena,Leeds,06-Dec,2015,,Ollie Bass,Support,,,0,0,0
Ghostpoet,Leeds Arena,Leeds,06-Dec,2015,,Ollie Bass,Support,,,0,0,0
alt-J,Leeds Arena,Leeds,06-Dec,2015,32.86,Ollie Bass,,,,1,1,1
The Crookes,Manchester Academy 2,Manchester,16-Nov,2015,,"Flat 13 Goodricke, Jack",Support,,,0,0,0
The Fratellis,Manchester Academy 2,Manchester,16-Nov,2015,20,"Flat 13 Goodricke, Jack",,,,1,1,1
Lucy Woodward,Leeds Academy,Leeds,01-Oct,2015,,Andy Blackwell,Support,,,0,0,0
Snarky Puppy,Leeds Academy,Leeds,01-Oct,2015,24.43,Andy Blackwell,,,,1,1,1
Iggy Pop,National Bowl,Milton Keynes,06-Sep,2015,,"Ollie Bass, Kieran",Support,,,0,0,0
Royal Blood,National Bowl,Milton Keynes,06-Sep,2015,,"Ollie Bass, Kieran",Support,,,0,0,0
Foo Fighters,National Bowl,Milton Keynes,06-Sep,2015,72.99,"Ollie Bass, Kieran",,,,1,1,1
Meat Loaf,July Course,Newmarket,16-Aug,2013,0,Dad,NN,,,1,1,1
Kaiser Chiefs,July Course,Newmarket,02-Aug,2013,0,"Dad, Mum, Lucy",NN,,,1,1,1
Tom Jones,July Course,Newmarket,10-Aug,2012,0,Dad,NN,,,1,1,1
Van Morrison,July Course,Newmarket,03-Aug,2012,0,Dad,NN,,,1,1,1
Frankie Valli,July Course,Newmarket,30-Jul,2012,0,Dad,NN,,,1,1,1
McFly,July Course,Newmarket,09-Jun,2012,0,Dad,NN,,,1,1,1
Tom Jones,July Course,Newmarket,12-Aug,2011,0,Dad,NN,,,1,1,1
The Wanted,July Course,Newmarket,29-Jul,2011,0,Dad,NN,,,1,1,1
Scissor Sisters,July Course,Newmarket,22-Jul,2011,0,Dad,NN,,,1,1,1
James Blunt,July Course,Newmarket,15-Jul,2011,0,Dad,NN,,,1,1,1
Professor Green,Millenium Dome,London,30-May,2011,,"Emily, Rob",Support,,,0,0,0
N-Dubz,Millenium Dome,London,30-May,2011,28,"Emily, Rob",,,,1,1,1
Madness,July Course,Newmarket,06-Aug,2010,0,"Dad, Mum, Lucy",NN,,,1,1,1
Spandou Ballet,July Course,Newmarket,25-Jun,2010,0,"Dad, Mum, Lucy",NN,,,1,1,1
Scouting for Girls,July Course,Newmarket,07-Aug,2009,0,"Dad, Mum, Lucy",NN,,,1,1,1
Simply Red,July Course,Newmarket,31-Jul,2009,0,"Dad, Mum, Lucy",NN,,,1,1,1
Lemar,July Course,Newmarket,26-Jun,2009,,Dad,NN,,,0,0,0
Alesha Dixon,July Course,Newmarket,26-Jun,2009,0,Dad,NN,,,1,1,1
Kid Creole and the Coconuts,July Course,Newmarket,19-Jun,2009,,Dad,NN,,,0,0,0
Curiosity Killed The Cat,July Course,Newmarket,19-Jun,2009,,Dad,NN,,,0,0,0
T'Pau,July Course,Newmarket,19-Jun,2009,,Dad,NN,,,0,0,0
Johnny Hates Jazz,July Course,Newmarket,19-Jun,2009,,Dad,NN,,,0,0,0
Paul Young,July Course,Newmarket,19-Jun,2009,0,"Dad, Mum, Lucy",NN,,,1,1,1
Madness,July Course,Newmarket,08-Aug,2008,0,Dad,NN,,,1,1,1
The Feeling,July Course,Newmarket,01-Aug,2008,0,"Dad, Mum, Lucy",NN,,,1,1,1
UB40,July Course,Newmarket,25-Jul,2008,0,Dad,NN,,,1,1,1
Jools Holland,July Course,Newmarket,27-Jun,2008,0,Dad,NN,,,1,1,1
Wet Wet Wet,July Course,Newmarket,17-Aug,2007,0,Dad,NN,,,1,1,1
Pet Shop Boys,July Course,Newmarket,27-Jul,2007,0,Dad,NN,,,1,1,1
INXS,July Course,Newmarket,22-Jun,2007,0,Dad,NN,,,1,1,1
McFly,July Course,Newmarket,21-Jul,2006,0,Dad,NN,,,1,1,1
